rank_type,rank_position,trade_count,total_net_pnl,avg_net_pnl,win_rate_pct
prob,1,44,-18.3864089384538,-0.4178729304194046,50.0
prob,2,42,4.7860031380637995,0.11395245566818571,54.761904761904766
prob,3,11,2.3844336854076,0.2167666986734182,72.72727272727273
rs72,1,40,-0.8789886276228003,-0.021974715690570006,50.0
rs72,2,43,-14.3346307363971,-0.33336350549760696,58.139534883720934
rs72,3,14,3.9976472490374997,0.2855462320741071,57.14285714285714
combined,1,44,-18.2218363785666,-0.41413264496742275,50.0
combined,2,40,2.8451519777165997,0.07112879944291499,52.5
combined,3,13,4.1607122858676,0.3200547912205846,76.92307692307693
