benchmark_id,feature_family,candidate_id,g_week_pct,delta_gweek_bps,annualized_pct,delta_annual_pct,ret_2025_pct,delta_2025_pct,worst_mdd_pct,delta_mdd_pct,closed_cycles,win_rate_pct,prediction_gate_passed,dominates_base,dominated_by_base
OPT-0005,BASE_12,OPT-0005_BASE_12,0.1371,0.0,7.383,0.0,-3.9148,0.0,11.605,0.0,208,54.33,True,False,False
OPT-0005,INTERACTION_PRICE_OI,OPT-0005_INTERACTION_PRICE_OI,0.0951,-4.2,5.0654,-2.32,-3.8563,0.06,11.6144,0.01,205,53.17,True,False,False
OPT-0005,INTERACTION_PRICE_FLOW,OPT-0005_INTERACTION_PRICE_FLOW,0.0624,-7.47,3.2979,-4.09,-12.1208,-8.21,15.0307,3.43,246,53.66,False,False,True
OPT-0005,INTERACTION_OI_FLOW,OPT-0005_INTERACTION_OI_FLOW,0.1053,-3.18,5.6251,-1.76,-6.286,-2.37,11.5959,-0.01,226,52.65,True,False,False
OPT-0005,INTERACTION_CONTEXT,OPT-0005_INTERACTION_CONTEXT,0.1453,0.82,7.8405,0.46,-3.6005,0.31,11.605,0.0,222,53.6,False,True,False
OPT-0005,INTERACTION_ALL,OPT-0005_INTERACTION_ALL,0.105,-3.21,5.6064,-1.78,-7.3305,-3.42,11.7752,0.17,273,48.35,False,False,True
OPT-0001,BASE_12,OPT-0001_BASE_12,0.1311,0.0,7.048,0.0,-3.5862,0.0,11.4931,0.0,208,53.85,True,False,False
OPT-0001,INTERACTION_PRICE_OI,OPT-0001_INTERACTION_PRICE_OI,0.0957,-3.54,5.0993,-1.95,-3.4003,0.19,11.5073,0.01,204,52.94,True,False,False
OPT-0001,INTERACTION_PRICE_FLOW,OPT-0001_INTERACTION_PRICE_FLOW,0.0602,-7.09,3.1787,-3.87,-11.5137,-7.93,14.4278,2.93,246,53.66,False,False,True
OPT-0001,INTERACTION_OI_FLOW,OPT-0001_INTERACTION_OI_FLOW,0.1048,-2.63,5.5986,-1.45,-5.3732,-1.79,11.4961,0.0,226,52.65,True,False,True
OPT-0001,INTERACTION_CONTEXT,OPT-0001_INTERACTION_CONTEXT,0.1396,0.85,7.5256,0.48,-3.3906,0.2,11.4931,0.0,222,53.6,False,True,False
OPT-0001,INTERACTION_ALL,OPT-0001_INTERACTION_ALL,0.1019,-2.92,5.438,-1.61,-6.9932,-3.41,11.6339,0.14,273,48.35,False,False,True
OPT-0026,BASE_12,OPT-0026_BASE_12,0.1293,0.0,6.9498,0.0,-2.6988,0.0,11.5073,0.0,225,53.78,True,False,False
OPT-0026,INTERACTION_PRICE_OI,OPT-0026_INTERACTION_PRICE_OI,0.0854,-4.39,4.5398,-2.41,-4.1114,-1.41,11.4961,-0.01,220,55.0,True,False,False
OPT-0026,INTERACTION_PRICE_FLOW,OPT-0026_INTERACTION_PRICE_FLOW,0.0516,-7.77,2.7214,-4.23,-13.0599,-10.36,15.9228,4.42,261,52.87,False,False,True
OPT-0026,INTERACTION_OI_FLOW,OPT-0026_INTERACTION_OI_FLOW,0.0852,-4.41,4.5283,-2.42,-7.0156,-4.32,11.5481,0.04,238,50.84,True,False,True
OPT-0026,INTERACTION_CONTEXT,OPT-0026_INTERACTION_CONTEXT,0.1319,0.26,7.0961,0.15,-4.2,-1.5,11.4931,-0.01,237,50.63,False,False,False
OPT-0026,INTERACTION_ALL,OPT-0026_INTERACTION_ALL,0.0972,-3.21,5.1832,-1.77,-8.9685,-6.27,12.8874,1.38,286,48.95,False,False,True
OPT-0056,BASE_12,OPT-0056_BASE_12,0.1024,0.0,5.4677,0.0,-2.4368,0.0,11.2139,0.0,153,57.52,True,False,False
OPT-0056,INTERACTION_PRICE_OI,OPT-0056_INTERACTION_PRICE_OI,0.0889,-1.35,4.7288,-0.74,-2.512,-0.08,10.6317,-0.58,158,52.53,True,False,False
OPT-0056,INTERACTION_PRICE_FLOW,OPT-0056_INTERACTION_PRICE_FLOW,0.1169,1.45,6.2641,0.8,-2.0955,0.34,11.2361,0.02,176,52.84,False,False,False
OPT-0056,INTERACTION_OI_FLOW,OPT-0056_INTERACTION_OI_FLOW,0.0965,-0.59,5.1457,-0.32,-1.4515,0.99,11.2139,0.0,159,55.97,True,False,False
OPT-0056,INTERACTION_CONTEXT,OPT-0056_INTERACTION_CONTEXT,0.0995,-0.29,5.3065,-0.16,-3.7956,-1.36,11.3551,0.14,153,54.25,False,False,True
OPT-0056,INTERACTION_ALL,OPT-0056_INTERACTION_ALL,0.1074,0.5,5.7395,0.27,-6.1457,-3.71,11.6169,0.4,198,48.99,False,False,False
