feature_name,fold,eval_year,count,mean,std,p01,p05,p25,p50,p75,p95,p99,pearson_corr_label,spearman_corr_label,pearson_corr_net_return,spearman_corr_net_return,pos_subgroup_count,pos_subgroup_mean_net_return_pct,pos_subgroup_pos_rate_pct,neg_subgroup_count,neg_subgroup_mean_net_return_pct,neg_subgroup_pos_rate_pct
price_oi_4h,W1,2023,6012,5.8e-05,0.000894,-0.001329,-0.00029,-2.4e-05,2e-06,5e-05,0.000574,0.00247,-0.0028,0.012,-0.0597,0.0031,3263,-0.2298,32.52,2749,-0.2205,32.74
price_oi_4h,W2,2024,6588,4.3e-05,0.000533,-0.000907,-0.000276,-3.1e-05,2e-06,5.1e-05,0.000436,0.001592,0.0184,0.0184,0.0132,0.0178,3529,-0.2322,39.3,3059,-0.2967,38.08
price_oi_4h,R2025,2025,6567,3.3e-05,0.000496,-0.000984,-0.000259,-2.3e-05,1e-06,4.4e-05,0.000394,0.001476,-0.0231,-0.0253,-0.0116,-0.0236,3523,-0.3093,35.99,3044,-0.2869,37.45
price_oi_24h,W1,2023,6012,0.000337,0.00449,-0.008532,-0.00214,-0.000165,1.4e-05,0.000436,0.004129,0.012317,0.0128,0.0208,0.0105,0.0045,3299,-0.222,33.01,2713,-0.2299,32.14
price_oi_24h,W2,2024,6588,0.000411,0.002533,-0.003559,-0.00141,-0.000172,2.5e-05,0.000386,0.003259,0.010524,0.0125,0.011,0.023,0.0103,3685,-0.2356,39.29,2903,-0.296,38.03
price_oi_24h,R2025,2025,6567,0.000338,0.002255,-0.003732,-0.001493,-0.000147,2.4e-05,0.000402,0.002916,0.00877,-0.003,-0.0061,0.0272,-0.0011,3686,-0.2959,36.11,2881,-0.3028,37.38
price_flow_4h,W1,2023,6012,0.000373,0.000925,-0.000905,-0.000305,-1.4e-05,8.6e-05,0.00045,0.00198,0.004228,0.0687,0.0681,0.0508,0.037,4147,-0.212,33.49,1865,-0.2557,30.67
price_flow_4h,W2,2024,6588,0.000513,0.001043,-0.00088,-0.000337,-6e-06,0.000178,0.000709,0.002444,0.004546,0.045,0.0417,0.0357,0.0277,4799,-0.2534,39.05,1789,-0.2857,37.9
price_flow_4h,R2025,2025,6567,0.000564,0.001239,-0.001428,-0.000583,-2.9e-05,0.000177,0.000791,0.003021,0.005343,0.0057,0.0057,-0.0215,-0.0188,4592,-0.3218,36.8,1975,-0.2455,36.35
price_flow_24h,W1,2023,6012,0.000504,0.00126,-0.001254,-0.000499,-4.5e-05,0.000108,0.000659,0.002817,0.005565,0.0603,0.0716,0.0175,0.025,3993,-0.2315,34.01,2019,-0.2139,29.87
price_flow_24h,W2,2024,6588,0.000725,0.00145,-0.001526,-0.000493,-1.6e-05,0.000229,0.00104,0.003525,0.006086,0.0357,0.0328,0.0135,0.0047,4739,-0.2763,39.1,1849,-0.226,37.8
price_flow_24h,R2025,2025,6567,0.000872,0.001797,-0.001674,-0.000786,-5.2e-05,0.000274,0.001249,0.004442,0.00833,0.0413,0.0457,0.0168,0.0209,4553,-0.2869,37.54,2014,-0.3261,34.71
oi_flow_confirmation_4h,W1,2023,6012,0.000135,0.001536,-0.003661,-0.001687,-0.000278,1.8e-05,0.000407,0.002233,0.005377,-0.0034,0.001,-0.0221,0.0025,3230,-0.224,32.48,2782,-0.2274,32.78
oi_flow_confirmation_4h,W2,2024,6588,0.000135,0.00117,-0.002678,-0.001255,-0.000233,1.4e-05,0.000351,0.001911,0.004489,0.0008,0.0095,0.0177,0.011,3502,-0.24,39.52,3086,-0.2874,37.85
oi_flow_confirmation_4h,R2025,2025,6567,0.000171,0.001475,-0.003552,-0.001515,-0.000254,1.9e-05,0.000453,0.002174,0.004987,-0.034,-0.0256,-0.0321,-0.0237,3511,-0.3124,35.49,3056,-0.2834,38.02
oi_flow_confirmation_24h,W1,2023,6012,0.000276,0.002253,-0.005041,-0.002238,-0.000342,4.8e-05,0.00069,0.003596,0.007864,0.0273,0.0245,0.0201,0.0303,3340,-0.1828,33.23,2672,-0.279,31.85
oi_flow_confirmation_24h,W2,2024,6588,0.000316,0.001545,-0.00339,-0.001504,-0.000225,6e-05,0.000603,0.002848,0.006694,0.009,0.0059,0.0158,0.0095,3789,-0.2414,38.61,2799,-0.2903,38.91
oi_flow_confirmation_24h,R2025,2025,6567,0.000379,0.002088,-0.004424,-0.002037,-0.000296,8.1e-05,0.00081,0.003661,0.00755,-0.0147,-0.0062,0.0258,0.0078,3778,-0.2737,36.63,2789,-0.333,36.72
trend_oi_confirmation,W1,2023,6012,5.5e-05,0.000927,-0.001494,-0.00039,-3.6e-05,1e-06,5.5e-05,0.000652,0.002734,-0.0018,0.0256,-0.0575,0.0247,3137,-0.2045,33.5,2875,-0.2485,31.65
trend_oi_confirmation,W2,2024,6588,5.5e-05,0.000553,-0.0009,-0.000329,-3.8e-05,2e-06,6.1e-05,0.00054,0.001879,0.0068,0.0178,-0.0219,0.0089,3484,-0.2551,39.18,3104,-0.2701,38.24
trend_oi_confirmation,R2025,2025,6567,3.9e-05,0.000629,-0.000991,-0.000314,-3e-05,1e-06,5.3e-05,0.000492,0.001613,-0.0222,-0.0066,-0.0174,-0.0049,3486,-0.2819,36.52,3081,-0.3181,36.84
volatility_flow,W1,2023,6012,-7.2e-05,0.000461,-0.001438,-0.000795,-0.000257,-5.6e-05,0.000111,0.00062,0.001264,-0.0389,-0.0344,-0.0207,-0.0545,2402,-0.2137,31.89,3610,-0.2334,33.1
volatility_flow,W2,2024,6588,-2.6e-05,0.000505,-0.001322,-0.00083,-0.000312,-2.5e-05,0.000245,0.000786,0.001356,-0.0402,-0.045,-0.0106,-0.043,3127,-0.2737,37.48,3461,-0.2517,39.87
volatility_flow,R2025,2025,6567,-0.000109,0.000643,-0.001788,-0.00116,-0.000454,-0.000101,0.000235,0.000911,0.001613,0.0246,0.0217,0.0327,0.0262,2753,-0.2641,38.14,3814,-0.324,35.61
