candidate_id,benchmark_id,feature_family,num_features,fold,symbol,samples,roc_auc,pr_auc,log_loss,brier_score,precision,recall,ppr,prob_mean,prob_std
OPT-0005_BASE_12,OPT-0005,BASE_12,12,W1,BTCUSDT,2004,0.5807,0.3454,0.5842,0.1978,1.0,0.009,0.0025,0.2861,0.0411
OPT-0005_BASE_12,OPT-0005,BASE_12,12,W1,ETHUSDT,2004,0.564,0.3276,0.601,0.2053,0.25,0.0035,0.004,0.3371,0.0326
OPT-0005_BASE_12,OPT-0005,BASE_12,12,W1,SOLUSDT,2004,0.5396,0.469,0.6769,0.2418,0.625,0.0421,0.0279,0.4076,0.0396
OPT-0005_BASE_12,OPT-0005,BASE_12,12,W1,POOLED_ALL,6012,0.5923,0.4106,0.6207,0.215,0.6087,0.0214,0.0115,0.3436,0.0626
OPT-0005_BASE_12,OPT-0005,BASE_12,12,W2,BTCUSDT,2196,0.5836,0.4285,0.6469,0.2272,0.5405,0.0258,0.0168,0.301,0.0577
OPT-0005_BASE_12,OPT-0005,BASE_12,12,W2,ETHUSDT,2196,0.5855,0.4609,0.6532,0.2304,0.6571,0.0281,0.0159,0.3307,0.052
OPT-0005_BASE_12,OPT-0005,BASE_12,12,W2,SOLUSDT,2196,0.5401,0.4821,0.6836,0.2452,0.6071,0.0355,0.0255,0.4103,0.0315
OPT-0005_BASE_12,OPT-0005,BASE_12,12,W2,POOLED_ALL,6588,0.5814,0.4586,0.6612,0.2343,0.6016,0.0302,0.0194,0.3473,0.0669
OPT-0005_BASE_12,OPT-0005,BASE_12,12,R2025,BTCUSDT,2189,0.5812,0.3815,0.6163,0.2129,0.4545,0.0218,0.0151,0.2987,0.0552
OPT-0005_BASE_12,OPT-0005,BASE_12,12,R2025,ETHUSDT,2189,0.54,0.4181,0.6692,0.238,0.4419,0.0678,0.0589,0.357,0.0703
OPT-0005_BASE_12,OPT-0005,BASE_12,12,R2025,SOLUSDT,2189,0.5242,0.4153,0.6751,0.241,0.4059,0.0467,0.0461,0.4149,0.0361
OPT-0005_BASE_12,OPT-0005,BASE_12,12,R2025,POOLED_ALL,6567,0.5647,0.4112,0.6535,0.2306,0.4297,0.0469,0.04,0.3569,0.0732
OPT-0005_INTERACTION_PRICE_OI,OPT-0005,INTERACTION_PRICE_OI,14,W1,BTCUSDT,2004,0.5731,0.3446,0.5844,0.1979,0.625,0.009,0.004,0.2866,0.0434
OPT-0005_INTERACTION_PRICE_OI,OPT-0005,INTERACTION_PRICE_OI,14,W1,ETHUSDT,2004,0.5611,0.3258,0.6011,0.2054,0.2308,0.0052,0.0065,0.3368,0.0332
OPT-0005_INTERACTION_PRICE_OI,OPT-0005,INTERACTION_PRICE_OI,14,W1,SOLUSDT,2004,0.5427,0.4717,0.6767,0.2417,0.614,0.0421,0.0284,0.4071,0.04
OPT-0005_INTERACTION_PRICE_OI,OPT-0005,INTERACTION_PRICE_OI,14,W1,POOLED_ALL,6012,0.5921,0.4111,0.6207,0.215,0.5513,0.0219,0.013,0.3435,0.063
OPT-0005_INTERACTION_PRICE_OI,OPT-0005,INTERACTION_PRICE_OI,14,W2,BTCUSDT,2196,0.5839,0.4283,0.6468,0.2272,0.5,0.0232,0.0164,0.3015,0.058
OPT-0005_INTERACTION_PRICE_OI,OPT-0005,INTERACTION_PRICE_OI,14,W2,ETHUSDT,2196,0.5853,0.4599,0.6533,0.2305,0.6111,0.0269,0.0164,0.3307,0.0528
OPT-0005_INTERACTION_PRICE_OI,OPT-0005,INTERACTION_PRICE_OI,14,W2,SOLUSDT,2196,0.541,0.4832,0.6836,0.2452,0.5846,0.0397,0.0296,0.4096,0.0334
OPT-0005_INTERACTION_PRICE_OI,OPT-0005,INTERACTION_PRICE_OI,14,W2,POOLED_ALL,6588,0.5819,0.4587,0.6612,0.2343,0.5693,0.0306,0.0208,0.3473,0.0671
OPT-0005_INTERACTION_PRICE_OI,OPT-0005,INTERACTION_PRICE_OI,14,R2025,BTCUSDT,2189,0.5815,0.382,0.6161,0.2128,0.4571,0.0232,0.016,0.2986,0.0553
OPT-0005_INTERACTION_PRICE_OI,OPT-0005,INTERACTION_PRICE_OI,14,R2025,ETHUSDT,2189,0.54,0.418,0.6692,0.238,0.4419,0.0678,0.0589,0.357,0.0704
OPT-0005_INTERACTION_PRICE_OI,OPT-0005,INTERACTION_PRICE_OI,14,R2025,SOLUSDT,2189,0.5261,0.4165,0.6751,0.241,0.3889,0.0478,0.0493,0.4148,0.0377
OPT-0005_INTERACTION_PRICE_OI,OPT-0005,INTERACTION_PRICE_OI,14,R2025,POOLED_ALL,6567,0.5652,0.4115,0.6535,0.2306,0.4228,0.0478,0.0414,0.3568,0.0734
OPT-0005_INTERACTION_PRICE_FLOW,OPT-0005,INTERACTION_PRICE_FLOW,14,W1,BTCUSDT,2004,0.5815,0.3457,0.5841,0.1978,1.0,0.0072,0.002,0.2862,0.0412
OPT-0005_INTERACTION_PRICE_FLOW,OPT-0005,INTERACTION_PRICE_FLOW,14,W1,ETHUSDT,2004,0.5637,0.327,0.6009,0.2053,0.2222,0.0035,0.0045,0.3366,0.033
OPT-0005_INTERACTION_PRICE_FLOW,OPT-0005,INTERACTION_PRICE_FLOW,14,W1,SOLUSDT,2004,0.5406,0.468,0.6774,0.242,0.5824,0.0637,0.0454,0.4082,0.0435
OPT-0005_INTERACTION_PRICE_FLOW,OPT-0005,INTERACTION_PRICE_FLOW,14,W1,POOLED_ALL,6012,0.5914,0.4099,0.6208,0.215,0.5673,0.0301,0.0173,0.3437,0.0638
OPT-0005_INTERACTION_PRICE_FLOW,OPT-0005,INTERACTION_PRICE_FLOW,14,W2,BTCUSDT,2196,0.581,0.4249,0.647,0.2273,0.4884,0.0271,0.0196,0.3029,0.0596
OPT-0005_INTERACTION_PRICE_FLOW,OPT-0005,INTERACTION_PRICE_FLOW,14,W2,ETHUSDT,2196,0.5857,0.4604,0.6532,0.2304,0.5938,0.0232,0.0146,0.3308,0.0527
OPT-0005_INTERACTION_PRICE_FLOW,OPT-0005,INTERACTION_PRICE_FLOW,14,W2,SOLUSDT,2196,0.5404,0.4855,0.6836,0.2452,0.6119,0.0428,0.0305,0.4105,0.0332
OPT-0005_INTERACTION_PRICE_FLOW,OPT-0005,INTERACTION_PRICE_FLOW,14,W2,POOLED_ALL,6588,0.5807,0.458,0.6613,0.2343,0.5704,0.0317,0.0216,0.3481,0.0675
OPT-0005_INTERACTION_PRICE_FLOW,OPT-0005,INTERACTION_PRICE_FLOW,14,R2025,BTCUSDT,2189,0.5785,0.3783,0.617,0.2132,0.3889,0.0203,0.0164,0.2989,0.0552
OPT-0005_INTERACTION_PRICE_FLOW,OPT-0005,INTERACTION_PRICE_FLOW,14,R2025,ETHUSDT,2189,0.5411,0.4182,0.6691,0.2379,0.4453,0.0678,0.0585,0.3568,0.0703
OPT-0005_INTERACTION_PRICE_FLOW,OPT-0005,INTERACTION_PRICE_FLOW,14,R2025,SOLUSDT,2189,0.5248,0.415,0.6758,0.2413,0.3987,0.0718,0.0722,0.4177,0.0417
OPT-0005_INTERACTION_PRICE_FLOW,OPT-0005,INTERACTION_PRICE_FLOW,14,R2025,POOLED_ALL,6567,0.5642,0.4099,0.654,0.2308,0.4161,0.0556,0.049,0.3578,0.0748
OPT-0005_INTERACTION_OI_FLOW,OPT-0005,INTERACTION_OI_FLOW,14,W1,BTCUSDT,2004,0.5698,0.3403,0.5853,0.1983,0.8,0.0072,0.0025,0.2859,0.0442
OPT-0005_INTERACTION_OI_FLOW,OPT-0005,INTERACTION_OI_FLOW,14,W1,ETHUSDT,2004,0.5535,0.3201,0.6019,0.2057,0.3077,0.007,0.0065,0.3374,0.0345
OPT-0005_INTERACTION_OI_FLOW,OPT-0005,INTERACTION_OI_FLOW,14,W1,SOLUSDT,2004,0.5468,0.4699,0.6762,0.2415,0.629,0.0469,0.0309,0.4078,0.041
OPT-0005_INTERACTION_OI_FLOW,OPT-0005,INTERACTION_OI_FLOW,14,W1,POOLED_ALL,6012,0.591,0.4083,0.6211,0.2152,0.5875,0.024,0.0133,0.3437,0.0641
OPT-0005_INTERACTION_OI_FLOW,OPT-0005,INTERACTION_OI_FLOW,14,W2,BTCUSDT,2196,0.5833,0.4291,0.6469,0.2272,0.5135,0.0245,0.0168,0.3005,0.0575
OPT-0005_INTERACTION_OI_FLOW,OPT-0005,INTERACTION_OI_FLOW,14,W2,ETHUSDT,2196,0.5851,0.4613,0.6532,0.2304,0.625,0.0244,0.0146,0.3304,0.0513
OPT-0005_INTERACTION_OI_FLOW,OPT-0005,INTERACTION_OI_FLOW,14,W2,SOLUSDT,2196,0.5423,0.4821,0.6835,0.2452,0.5758,0.0397,0.0301,0.4099,0.0344
OPT-0005_INTERACTION_OI_FLOW,OPT-0005,INTERACTION_OI_FLOW,14,W2,POOLED_ALL,6588,0.5819,0.459,0.6612,0.2343,0.5704,0.0302,0.0205,0.347,0.0671
OPT-0005_INTERACTION_OI_FLOW,OPT-0005,INTERACTION_OI_FLOW,14,R2025,BTCUSDT,2189,0.5806,0.3824,0.616,0.2127,0.4857,0.0247,0.016,0.2978,0.0561
OPT-0005_INTERACTION_OI_FLOW,OPT-0005,INTERACTION_OI_FLOW,14,R2025,ETHUSDT,2189,0.5417,0.4188,0.669,0.2378,0.4298,0.0618,0.0553,0.356,0.0703
OPT-0005_INTERACTION_OI_FLOW,OPT-0005,INTERACTION_OI_FLOW,14,R2025,SOLUSDT,2189,0.5342,0.4233,0.6739,0.2404,0.4237,0.0569,0.0539,0.4145,0.0393
OPT-0005_INTERACTION_OI_FLOW,OPT-0005,INTERACTION_OI_FLOW,14,R2025,POOLED_ALL,6567,0.5672,0.4141,0.6529,0.2303,0.4343,0.0494,0.0417,0.3561,0.074
OPT-0005_INTERACTION_CONTEXT,OPT-0005,INTERACTION_CONTEXT,14,W1,BTCUSDT,2004,0.5729,0.3449,0.5847,0.198,0.625,0.009,0.004,0.2866,0.0447
OPT-0005_INTERACTION_CONTEXT,OPT-0005,INTERACTION_CONTEXT,14,W1,ETHUSDT,2004,0.564,0.3279,0.601,0.2053,0.3333,0.007,0.006,0.3371,0.0336
OPT-0005_INTERACTION_CONTEXT,OPT-0005,INTERACTION_CONTEXT,14,W1,SOLUSDT,2004,0.5358,0.4611,0.6775,0.2421,0.625,0.0421,0.0279,0.4069,0.0399
OPT-0005_INTERACTION_CONTEXT,OPT-0005,INTERACTION_CONTEXT,14,W1,POOLED_ALL,6012,0.5917,0.4065,0.6211,0.2152,0.5789,0.0224,0.0126,0.3435,0.0633
OPT-0005_INTERACTION_CONTEXT,OPT-0005,INTERACTION_CONTEXT,14,W2,BTCUSDT,2196,0.5858,0.4283,0.6472,0.2274,0.5,0.0245,0.0173,0.3009,0.0595
OPT-0005_INTERACTION_CONTEXT,OPT-0005,INTERACTION_CONTEXT,14,W2,ETHUSDT,2196,0.5845,0.4604,0.6532,0.2304,0.6389,0.0281,0.0164,0.3307,0.0527
OPT-0005_INTERACTION_CONTEXT,OPT-0005,INTERACTION_CONTEXT,14,W2,SOLUSDT,2196,0.5397,0.4822,0.6837,0.2453,0.6,0.0344,0.025,0.4103,0.0312
OPT-0005_INTERACTION_CONTEXT,OPT-0005,INTERACTION_CONTEXT,14,W2,POOLED_ALL,6588,0.5814,0.4573,0.6614,0.2344,0.5814,0.0294,0.0196,0.3473,0.0676
OPT-0005_INTERACTION_CONTEXT,OPT-0005,INTERACTION_CONTEXT,14,R2025,BTCUSDT,2189,0.5758,0.3742,0.6173,0.2133,0.4242,0.0203,0.0151,0.3006,0.0571
OPT-0005_INTERACTION_CONTEXT,OPT-0005,INTERACTION_CONTEXT,14,R2025,ETHUSDT,2189,0.5413,0.4182,0.6692,0.2379,0.4453,0.0678,0.0585,0.3568,0.0703
OPT-0005_INTERACTION_CONTEXT,OPT-0005,INTERACTION_CONTEXT,14,R2025,SOLUSDT,2189,0.5228,0.4145,0.6752,0.2411,0.41,0.0467,0.0457,0.4151,0.0363
OPT-0005_INTERACTION_CONTEXT,OPT-0005,INTERACTION_CONTEXT,14,R2025,POOLED_ALL,6567,0.5632,0.4096,0.6539,0.2308,0.4291,0.0465,0.0397,0.3575,0.0732
OPT-0005_INTERACTION_ALL,OPT-0005,INTERACTION_ALL,20,W1,BTCUSDT,2004,0.5518,0.3306,0.5878,0.1992,0.4615,0.0108,0.0065,0.2868,0.0553
OPT-0005_INTERACTION_ALL,OPT-0005,INTERACTION_ALL,20,W1,ETHUSDT,2004,0.556,0.3213,0.6017,0.2056,0.375,0.0105,0.008,0.3365,0.0351
OPT-0005_INTERACTION_ALL,OPT-0005,INTERACTION_ALL,20,W1,SOLUSDT,2004,0.5448,0.4663,0.6772,0.2419,0.5455,0.0649,0.0494,0.407,0.0457
OPT-0005_INTERACTION_ALL,OPT-0005,INTERACTION_ALL,20,W1,POOLED_ALL,6012,0.5881,0.406,0.6222,0.2156,0.5156,0.0337,0.0213,0.3434,0.0675
OPT-0005_INTERACTION_ALL,OPT-0005,INTERACTION_ALL,20,W2,BTCUSDT,2196,0.5821,0.4234,0.647,0.2273,0.4524,0.0245,0.0191,0.3041,0.0624
OPT-0005_INTERACTION_ALL,OPT-0005,INTERACTION_ALL,20,W2,ETHUSDT,2196,0.5842,0.4597,0.6534,0.2305,0.6316,0.0293,0.0173,0.3308,0.0554
OPT-0005_INTERACTION_ALL,OPT-0005,INTERACTION_ALL,20,W2,SOLUSDT,2196,0.5433,0.485,0.6835,0.2451,0.5667,0.0532,0.041,0.4095,0.0367
OPT-0005_INTERACTION_ALL,OPT-0005,INTERACTION_ALL,20,W2,POOLED_ALL,6588,0.5812,0.4567,0.6613,0.2343,0.5529,0.0368,0.0258,0.3481,0.0691
OPT-0005_INTERACTION_ALL,OPT-0005,INTERACTION_ALL,20,R2025,BTCUSDT,2189,0.5757,0.3739,0.6175,0.2134,0.3846,0.0218,0.0178,0.3,0.0585
OPT-0005_INTERACTION_ALL,OPT-0005,INTERACTION_ALL,20,R2025,ETHUSDT,2189,0.5437,0.4199,0.6689,0.2378,0.4355,0.0642,0.0566,0.3552,0.0709
OPT-0005_INTERACTION_ALL,OPT-0005,INTERACTION_ALL,20,R2025,SOLUSDT,2189,0.5325,0.4211,0.675,0.2409,0.4313,0.0786,0.0731,0.4171,0.0448
OPT-0005_INTERACTION_ALL,OPT-0005,INTERACTION_ALL,20,R2025,POOLED_ALL,6567,0.5655,0.4116,0.6538,0.2307,0.4272,0.0573,0.0492,0.3575,0.076
OPT-0001_BASE_12,OPT-0001,BASE_12,12,W1,BTCUSDT,2004,0.5807,0.3454,0.5842,0.1978,1.0,0.009,0.0025,0.2861,0.0411
OPT-0001_BASE_12,OPT-0001,BASE_12,12,W1,ETHUSDT,2004,0.564,0.3276,0.601,0.2053,0.25,0.0035,0.004,0.3371,0.0326
OPT-0001_BASE_12,OPT-0001,BASE_12,12,W1,SOLUSDT,2004,0.5396,0.469,0.6769,0.2418,0.625,0.0421,0.0279,0.4076,0.0396
OPT-0001_BASE_12,OPT-0001,BASE_12,12,W1,POOLED_ALL,6012,0.5923,0.4106,0.6207,0.215,0.6087,0.0214,0.0115,0.3436,0.0626
OPT-0001_BASE_12,OPT-0001,BASE_12,12,W2,BTCUSDT,2196,0.5836,0.4285,0.6469,0.2272,0.5405,0.0258,0.0168,0.301,0.0577
OPT-0001_BASE_12,OPT-0001,BASE_12,12,W2,ETHUSDT,2196,0.5855,0.4609,0.6532,0.2304,0.6571,0.0281,0.0159,0.3307,0.052
OPT-0001_BASE_12,OPT-0001,BASE_12,12,W2,SOLUSDT,2196,0.5401,0.4821,0.6836,0.2452,0.6071,0.0355,0.0255,0.4103,0.0315
OPT-0001_BASE_12,OPT-0001,BASE_12,12,W2,POOLED_ALL,6588,0.5814,0.4586,0.6612,0.2343,0.6016,0.0302,0.0194,0.3473,0.0669
OPT-0001_BASE_12,OPT-0001,BASE_12,12,R2025,BTCUSDT,2189,0.5812,0.3815,0.6163,0.2129,0.4545,0.0218,0.0151,0.2987,0.0552
OPT-0001_BASE_12,OPT-0001,BASE_12,12,R2025,ETHUSDT,2189,0.54,0.4181,0.6692,0.238,0.4419,0.0678,0.0589,0.357,0.0703
OPT-0001_BASE_12,OPT-0001,BASE_12,12,R2025,SOLUSDT,2189,0.5242,0.4153,0.6751,0.241,0.4059,0.0467,0.0461,0.4149,0.0361
OPT-0001_BASE_12,OPT-0001,BASE_12,12,R2025,POOLED_ALL,6567,0.5647,0.4112,0.6535,0.2306,0.4297,0.0469,0.04,0.3569,0.0732
OPT-0001_INTERACTION_PRICE_OI,OPT-0001,INTERACTION_PRICE_OI,14,W1,BTCUSDT,2004,0.5731,0.3446,0.5844,0.1979,0.625,0.009,0.004,0.2866,0.0434
OPT-0001_INTERACTION_PRICE_OI,OPT-0001,INTERACTION_PRICE_OI,14,W1,ETHUSDT,2004,0.5611,0.3258,0.6011,0.2054,0.2308,0.0052,0.0065,0.3368,0.0332
OPT-0001_INTERACTION_PRICE_OI,OPT-0001,INTERACTION_PRICE_OI,14,W1,SOLUSDT,2004,0.5427,0.4717,0.6767,0.2417,0.614,0.0421,0.0284,0.4071,0.04
OPT-0001_INTERACTION_PRICE_OI,OPT-0001,INTERACTION_PRICE_OI,14,W1,POOLED_ALL,6012,0.5921,0.4111,0.6207,0.215,0.5513,0.0219,0.013,0.3435,0.063
OPT-0001_INTERACTION_PRICE_OI,OPT-0001,INTERACTION_PRICE_OI,14,W2,BTCUSDT,2196,0.5839,0.4283,0.6468,0.2272,0.5,0.0232,0.0164,0.3015,0.058
OPT-0001_INTERACTION_PRICE_OI,OPT-0001,INTERACTION_PRICE_OI,14,W2,ETHUSDT,2196,0.5853,0.4599,0.6533,0.2305,0.6111,0.0269,0.0164,0.3307,0.0528
OPT-0001_INTERACTION_PRICE_OI,OPT-0001,INTERACTION_PRICE_OI,14,W2,SOLUSDT,2196,0.541,0.4832,0.6836,0.2452,0.5846,0.0397,0.0296,0.4096,0.0334
OPT-0001_INTERACTION_PRICE_OI,OPT-0001,INTERACTION_PRICE_OI,14,W2,POOLED_ALL,6588,0.5819,0.4587,0.6612,0.2343,0.5693,0.0306,0.0208,0.3473,0.0671
OPT-0001_INTERACTION_PRICE_OI,OPT-0001,INTERACTION_PRICE_OI,14,R2025,BTCUSDT,2189,0.5815,0.382,0.6161,0.2128,0.4571,0.0232,0.016,0.2986,0.0553
OPT-0001_INTERACTION_PRICE_OI,OPT-0001,INTERACTION_PRICE_OI,14,R2025,ETHUSDT,2189,0.54,0.418,0.6692,0.238,0.4419,0.0678,0.0589,0.357,0.0704
OPT-0001_INTERACTION_PRICE_OI,OPT-0001,INTERACTION_PRICE_OI,14,R2025,SOLUSDT,2189,0.5261,0.4165,0.6751,0.241,0.3889,0.0478,0.0493,0.4148,0.0377
OPT-0001_INTERACTION_PRICE_OI,OPT-0001,INTERACTION_PRICE_OI,14,R2025,POOLED_ALL,6567,0.5652,0.4115,0.6535,0.2306,0.4228,0.0478,0.0414,0.3568,0.0734
OPT-0001_INTERACTION_PRICE_FLOW,OPT-0001,INTERACTION_PRICE_FLOW,14,W1,BTCUSDT,2004,0.5815,0.3457,0.5841,0.1978,1.0,0.0072,0.002,0.2862,0.0412
OPT-0001_INTERACTION_PRICE_FLOW,OPT-0001,INTERACTION_PRICE_FLOW,14,W1,ETHUSDT,2004,0.5637,0.327,0.6009,0.2053,0.2222,0.0035,0.0045,0.3366,0.033
OPT-0001_INTERACTION_PRICE_FLOW,OPT-0001,INTERACTION_PRICE_FLOW,14,W1,SOLUSDT,2004,0.5406,0.468,0.6774,0.242,0.5824,0.0637,0.0454,0.4082,0.0435
OPT-0001_INTERACTION_PRICE_FLOW,OPT-0001,INTERACTION_PRICE_FLOW,14,W1,POOLED_ALL,6012,0.5914,0.4099,0.6208,0.215,0.5673,0.0301,0.0173,0.3437,0.0638
OPT-0001_INTERACTION_PRICE_FLOW,OPT-0001,INTERACTION_PRICE_FLOW,14,W2,BTCUSDT,2196,0.581,0.4249,0.647,0.2273,0.4884,0.0271,0.0196,0.3029,0.0596
OPT-0001_INTERACTION_PRICE_FLOW,OPT-0001,INTERACTION_PRICE_FLOW,14,W2,ETHUSDT,2196,0.5857,0.4604,0.6532,0.2304,0.5938,0.0232,0.0146,0.3308,0.0527
OPT-0001_INTERACTION_PRICE_FLOW,OPT-0001,INTERACTION_PRICE_FLOW,14,W2,SOLUSDT,2196,0.5404,0.4855,0.6836,0.2452,0.6119,0.0428,0.0305,0.4105,0.0332
OPT-0001_INTERACTION_PRICE_FLOW,OPT-0001,INTERACTION_PRICE_FLOW,14,W2,POOLED_ALL,6588,0.5807,0.458,0.6613,0.2343,0.5704,0.0317,0.0216,0.3481,0.0675
OPT-0001_INTERACTION_PRICE_FLOW,OPT-0001,INTERACTION_PRICE_FLOW,14,R2025,BTCUSDT,2189,0.5785,0.3783,0.617,0.2132,0.3889,0.0203,0.0164,0.2989,0.0552
OPT-0001_INTERACTION_PRICE_FLOW,OPT-0001,INTERACTION_PRICE_FLOW,14,R2025,ETHUSDT,2189,0.5411,0.4182,0.6691,0.2379,0.4453,0.0678,0.0585,0.3568,0.0703
OPT-0001_INTERACTION_PRICE_FLOW,OPT-0001,INTERACTION_PRICE_FLOW,14,R2025,SOLUSDT,2189,0.5248,0.415,0.6758,0.2413,0.3987,0.0718,0.0722,0.4177,0.0417
OPT-0001_INTERACTION_PRICE_FLOW,OPT-0001,INTERACTION_PRICE_FLOW,14,R2025,POOLED_ALL,6567,0.5642,0.4099,0.654,0.2308,0.4161,0.0556,0.049,0.3578,0.0748
OPT-0001_INTERACTION_OI_FLOW,OPT-0001,INTERACTION_OI_FLOW,14,W1,BTCUSDT,2004,0.5698,0.3403,0.5853,0.1983,0.8,0.0072,0.0025,0.2859,0.0442
OPT-0001_INTERACTION_OI_FLOW,OPT-0001,INTERACTION_OI_FLOW,14,W1,ETHUSDT,2004,0.5535,0.3201,0.6019,0.2057,0.3077,0.007,0.0065,0.3374,0.0345
OPT-0001_INTERACTION_OI_FLOW,OPT-0001,INTERACTION_OI_FLOW,14,W1,SOLUSDT,2004,0.5468,0.4699,0.6762,0.2415,0.629,0.0469,0.0309,0.4078,0.041
OPT-0001_INTERACTION_OI_FLOW,OPT-0001,INTERACTION_OI_FLOW,14,W1,POOLED_ALL,6012,0.591,0.4083,0.6211,0.2152,0.5875,0.024,0.0133,0.3437,0.0641
OPT-0001_INTERACTION_OI_FLOW,OPT-0001,INTERACTION_OI_FLOW,14,W2,BTCUSDT,2196,0.5833,0.4291,0.6469,0.2272,0.5135,0.0245,0.0168,0.3005,0.0575
OPT-0001_INTERACTION_OI_FLOW,OPT-0001,INTERACTION_OI_FLOW,14,W2,ETHUSDT,2196,0.5851,0.4613,0.6532,0.2304,0.625,0.0244,0.0146,0.3304,0.0513
OPT-0001_INTERACTION_OI_FLOW,OPT-0001,INTERACTION_OI_FLOW,14,W2,SOLUSDT,2196,0.5423,0.4821,0.6835,0.2452,0.5758,0.0397,0.0301,0.4099,0.0344
OPT-0001_INTERACTION_OI_FLOW,OPT-0001,INTERACTION_OI_FLOW,14,W2,POOLED_ALL,6588,0.5819,0.459,0.6612,0.2343,0.5704,0.0302,0.0205,0.347,0.0671
OPT-0001_INTERACTION_OI_FLOW,OPT-0001,INTERACTION_OI_FLOW,14,R2025,BTCUSDT,2189,0.5806,0.3824,0.616,0.2127,0.4857,0.0247,0.016,0.2978,0.0561
OPT-0001_INTERACTION_OI_FLOW,OPT-0001,INTERACTION_OI_FLOW,14,R2025,ETHUSDT,2189,0.5417,0.4188,0.669,0.2378,0.4298,0.0618,0.0553,0.356,0.0703
OPT-0001_INTERACTION_OI_FLOW,OPT-0001,INTERACTION_OI_FLOW,14,R2025,SOLUSDT,2189,0.5342,0.4233,0.6739,0.2404,0.4237,0.0569,0.0539,0.4145,0.0393
OPT-0001_INTERACTION_OI_FLOW,OPT-0001,INTERACTION_OI_FLOW,14,R2025,POOLED_ALL,6567,0.5672,0.4141,0.6529,0.2303,0.4343,0.0494,0.0417,0.3561,0.074
OPT-0001_INTERACTION_CONTEXT,OPT-0001,INTERACTION_CONTEXT,14,W1,BTCUSDT,2004,0.5729,0.3449,0.5847,0.198,0.625,0.009,0.004,0.2866,0.0447
OPT-0001_INTERACTION_CONTEXT,OPT-0001,INTERACTION_CONTEXT,14,W1,ETHUSDT,2004,0.564,0.3279,0.601,0.2053,0.3333,0.007,0.006,0.3371,0.0336
OPT-0001_INTERACTION_CONTEXT,OPT-0001,INTERACTION_CONTEXT,14,W1,SOLUSDT,2004,0.5358,0.4611,0.6775,0.2421,0.625,0.0421,0.0279,0.4069,0.0399
OPT-0001_INTERACTION_CONTEXT,OPT-0001,INTERACTION_CONTEXT,14,W1,POOLED_ALL,6012,0.5917,0.4065,0.6211,0.2152,0.5789,0.0224,0.0126,0.3435,0.0633
OPT-0001_INTERACTION_CONTEXT,OPT-0001,INTERACTION_CONTEXT,14,W2,BTCUSDT,2196,0.5858,0.4283,0.6472,0.2274,0.5,0.0245,0.0173,0.3009,0.0595
OPT-0001_INTERACTION_CONTEXT,OPT-0001,INTERACTION_CONTEXT,14,W2,ETHUSDT,2196,0.5845,0.4604,0.6532,0.2304,0.6389,0.0281,0.0164,0.3307,0.0527
OPT-0001_INTERACTION_CONTEXT,OPT-0001,INTERACTION_CONTEXT,14,W2,SOLUSDT,2196,0.5397,0.4822,0.6837,0.2453,0.6,0.0344,0.025,0.4103,0.0312
OPT-0001_INTERACTION_CONTEXT,OPT-0001,INTERACTION_CONTEXT,14,W2,POOLED_ALL,6588,0.5814,0.4573,0.6614,0.2344,0.5814,0.0294,0.0196,0.3473,0.0676
OPT-0001_INTERACTION_CONTEXT,OPT-0001,INTERACTION_CONTEXT,14,R2025,BTCUSDT,2189,0.5758,0.3742,0.6173,0.2133,0.4242,0.0203,0.0151,0.3006,0.0571
OPT-0001_INTERACTION_CONTEXT,OPT-0001,INTERACTION_CONTEXT,14,R2025,ETHUSDT,2189,0.5413,0.4182,0.6692,0.2379,0.4453,0.0678,0.0585,0.3568,0.0703
OPT-0001_INTERACTION_CONTEXT,OPT-0001,INTERACTION_CONTEXT,14,R2025,SOLUSDT,2189,0.5228,0.4145,0.6752,0.2411,0.41,0.0467,0.0457,0.4151,0.0363
OPT-0001_INTERACTION_CONTEXT,OPT-0001,INTERACTION_CONTEXT,14,R2025,POOLED_ALL,6567,0.5632,0.4096,0.6539,0.2308,0.4291,0.0465,0.0397,0.3575,0.0732
OPT-0001_INTERACTION_ALL,OPT-0001,INTERACTION_ALL,20,W1,BTCUSDT,2004,0.5518,0.3306,0.5878,0.1992,0.4615,0.0108,0.0065,0.2868,0.0553
OPT-0001_INTERACTION_ALL,OPT-0001,INTERACTION_ALL,20,W1,ETHUSDT,2004,0.556,0.3213,0.6017,0.2056,0.375,0.0105,0.008,0.3365,0.0351
OPT-0001_INTERACTION_ALL,OPT-0001,INTERACTION_ALL,20,W1,SOLUSDT,2004,0.5448,0.4663,0.6772,0.2419,0.5455,0.0649,0.0494,0.407,0.0457
OPT-0001_INTERACTION_ALL,OPT-0001,INTERACTION_ALL,20,W1,POOLED_ALL,6012,0.5881,0.406,0.6222,0.2156,0.5156,0.0337,0.0213,0.3434,0.0675
OPT-0001_INTERACTION_ALL,OPT-0001,INTERACTION_ALL,20,W2,BTCUSDT,2196,0.5821,0.4234,0.647,0.2273,0.4524,0.0245,0.0191,0.3041,0.0624
OPT-0001_INTERACTION_ALL,OPT-0001,INTERACTION_ALL,20,W2,ETHUSDT,2196,0.5842,0.4597,0.6534,0.2305,0.6316,0.0293,0.0173,0.3308,0.0554
OPT-0001_INTERACTION_ALL,OPT-0001,INTERACTION_ALL,20,W2,SOLUSDT,2196,0.5433,0.485,0.6835,0.2451,0.5667,0.0532,0.041,0.4095,0.0367
OPT-0001_INTERACTION_ALL,OPT-0001,INTERACTION_ALL,20,W2,POOLED_ALL,6588,0.5812,0.4567,0.6613,0.2343,0.5529,0.0368,0.0258,0.3481,0.0691
OPT-0001_INTERACTION_ALL,OPT-0001,INTERACTION_ALL,20,R2025,BTCUSDT,2189,0.5757,0.3739,0.6175,0.2134,0.3846,0.0218,0.0178,0.3,0.0585
OPT-0001_INTERACTION_ALL,OPT-0001,INTERACTION_ALL,20,R2025,ETHUSDT,2189,0.5437,0.4199,0.6689,0.2378,0.4355,0.0642,0.0566,0.3552,0.0709
OPT-0001_INTERACTION_ALL,OPT-0001,INTERACTION_ALL,20,R2025,SOLUSDT,2189,0.5325,0.4211,0.675,0.2409,0.4313,0.0786,0.0731,0.4171,0.0448
OPT-0001_INTERACTION_ALL,OPT-0001,INTERACTION_ALL,20,R2025,POOLED_ALL,6567,0.5655,0.4116,0.6538,0.2307,0.4272,0.0573,0.0492,0.3575,0.076
OPT-0026_BASE_12,OPT-0026,BASE_12,12,W1,BTCUSDT,2004,0.5791,0.3445,0.5843,0.1979,1.0,0.009,0.0025,0.2859,0.0419
OPT-0026_BASE_12,OPT-0026,BASE_12,12,W1,ETHUSDT,2004,0.5616,0.3258,0.6011,0.2054,0.25,0.0052,0.006,0.3367,0.0338
OPT-0026_BASE_12,OPT-0026,BASE_12,12,W1,SOLUSDT,2004,0.5384,0.4668,0.677,0.2419,0.6143,0.0517,0.0349,0.408,0.0417
OPT-0026_BASE_12,OPT-0026,BASE_12,12,W1,POOLED_ALL,6012,0.5915,0.4091,0.6208,0.215,0.5862,0.026,0.0145,0.3435,0.0637
OPT-0026_BASE_12,OPT-0026,BASE_12,12,W2,BTCUSDT,2196,0.5835,0.4281,0.6469,0.2273,0.5405,0.0258,0.0168,0.3008,0.0579
OPT-0026_BASE_12,OPT-0026,BASE_12,12,W2,ETHUSDT,2196,0.5854,0.4612,0.6531,0.2304,0.6571,0.0281,0.0159,0.3309,0.0526
OPT-0026_BASE_12,OPT-0026,BASE_12,12,W2,SOLUSDT,2196,0.5395,0.4809,0.6837,0.2453,0.6034,0.0365,0.0264,0.4102,0.032
OPT-0026_BASE_12,OPT-0026,BASE_12,12,W2,POOLED_ALL,6588,0.5814,0.4583,0.6612,0.2343,0.6,0.0306,0.0197,0.3473,0.0672
OPT-0026_BASE_12,OPT-0026,BASE_12,12,R2025,BTCUSDT,2189,0.5813,0.3816,0.6163,0.2129,0.4571,0.0232,0.016,0.2986,0.0555
OPT-0026_BASE_12,OPT-0026,BASE_12,12,R2025,ETHUSDT,2189,0.5395,0.4176,0.6694,0.238,0.4427,0.069,0.0598,0.3569,0.0709
OPT-0026_BASE_12,OPT-0026,BASE_12,12,R2025,SOLUSDT,2189,0.5244,0.4153,0.6751,0.241,0.4175,0.049,0.0471,0.4149,0.0364
OPT-0026_BASE_12,OPT-0026,BASE_12,12,R2025,POOLED_ALL,6567,0.5646,0.4111,0.6536,0.2306,0.4349,0.0486,0.041,0.3568,0.0735
OPT-0026_INTERACTION_PRICE_OI,OPT-0026,INTERACTION_PRICE_OI,14,W1,BTCUSDT,2004,0.5709,0.3433,0.5846,0.198,0.625,0.009,0.004,0.2862,0.0443
OPT-0026_INTERACTION_PRICE_OI,OPT-0026,INTERACTION_PRICE_OI,14,W1,ETHUSDT,2004,0.559,0.3237,0.6013,0.2054,0.2308,0.0052,0.0065,0.3364,0.0346
OPT-0026_INTERACTION_PRICE_OI,OPT-0026,INTERACTION_PRICE_OI,14,W1,SOLUSDT,2004,0.5411,0.4691,0.6768,0.2417,0.5972,0.0517,0.0359,0.4075,0.0421
OPT-0026_INTERACTION_PRICE_OI,OPT-0026,INTERACTION_PRICE_OI,14,W1,POOLED_ALL,6012,0.5912,0.4093,0.6209,0.215,0.5484,0.026,0.0155,0.3434,0.0642
OPT-0026_INTERACTION_PRICE_OI,OPT-0026,INTERACTION_PRICE_OI,14,W2,BTCUSDT,2196,0.584,0.4281,0.6467,0.2272,0.5,0.0232,0.0164,0.3017,0.0584
OPT-0026_INTERACTION_PRICE_OI,OPT-0026,INTERACTION_PRICE_OI,14,W2,ETHUSDT,2196,0.5851,0.4601,0.6532,0.2304,0.6316,0.0293,0.0173,0.3309,0.0534
OPT-0026_INTERACTION_PRICE_OI,OPT-0026,INTERACTION_PRICE_OI,14,W2,SOLUSDT,2196,0.5402,0.4816,0.6837,0.2453,0.5692,0.0386,0.0296,0.4096,0.0339
OPT-0026_INTERACTION_PRICE_OI,OPT-0026,INTERACTION_PRICE_OI,14,W2,POOLED_ALL,6588,0.5819,0.4583,0.6612,0.2343,0.5683,0.031,0.0211,0.3474,0.0675
OPT-0026_INTERACTION_PRICE_OI,OPT-0026,INTERACTION_PRICE_OI,14,R2025,BTCUSDT,2189,0.5813,0.3819,0.6161,0.2128,0.4706,0.0232,0.0155,0.2985,0.0556
OPT-0026_INTERACTION_PRICE_OI,OPT-0026,INTERACTION_PRICE_OI,14,R2025,ETHUSDT,2189,0.5394,0.4174,0.6694,0.238,0.447,0.0702,0.0603,0.357,0.071
OPT-0026_INTERACTION_PRICE_OI,OPT-0026,INTERACTION_PRICE_OI,14,R2025,SOLUSDT,2189,0.5263,0.4164,0.6751,0.241,0.3818,0.0478,0.0503,0.4147,0.038
OPT-0026_INTERACTION_PRICE_OI,OPT-0026,INTERACTION_PRICE_OI,14,R2025,POOLED_ALL,6567,0.5651,0.4115,0.6535,0.2306,0.4239,0.0486,0.042,0.3567,0.0738
OPT-0026_INTERACTION_PRICE_FLOW,OPT-0026,INTERACTION_PRICE_FLOW,14,W1,BTCUSDT,2004,0.5798,0.3448,0.5842,0.1978,1.0,0.0072,0.002,0.2859,0.042
OPT-0026_INTERACTION_PRICE_FLOW,OPT-0026,INTERACTION_PRICE_FLOW,14,W1,ETHUSDT,2004,0.5615,0.3256,0.6011,0.2054,0.2857,0.007,0.007,0.3363,0.0343
OPT-0026_INTERACTION_PRICE_FLOW,OPT-0026,INTERACTION_PRICE_FLOW,14,W1,SOLUSDT,2004,0.5393,0.4674,0.6775,0.242,0.5769,0.0721,0.0519,0.4087,0.0455
OPT-0026_INTERACTION_PRICE_FLOW,OPT-0026,INTERACTION_PRICE_FLOW,14,W1,POOLED_ALL,6012,0.5906,0.4088,0.6209,0.2151,0.5574,0.0347,0.0203,0.3436,0.0649
OPT-0026_INTERACTION_PRICE_FLOW,OPT-0026,INTERACTION_PRICE_FLOW,14,W2,BTCUSDT,2196,0.581,0.4246,0.647,0.2273,0.4884,0.0271,0.0196,0.3028,0.06
OPT-0026_INTERACTION_PRICE_FLOW,OPT-0026,INTERACTION_PRICE_FLOW,14,W2,ETHUSDT,2196,0.5857,0.4611,0.6531,0.2304,0.6286,0.0269,0.0159,0.331,0.0534
OPT-0026_INTERACTION_PRICE_FLOW,OPT-0026,INTERACTION_PRICE_FLOW,14,W2,SOLUSDT,2196,0.5399,0.4844,0.6837,0.2452,0.5972,0.0449,0.0328,0.4104,0.0337
OPT-0026_INTERACTION_PRICE_FLOW,OPT-0026,INTERACTION_PRICE_FLOW,14,W2,POOLED_ALL,6588,0.5807,0.458,0.6613,0.2343,0.5733,0.0337,0.0228,0.3481,0.0679
OPT-0026_INTERACTION_PRICE_FLOW,OPT-0026,INTERACTION_PRICE_FLOW,14,R2025,BTCUSDT,2189,0.5786,0.3785,0.6169,0.2132,0.3889,0.0203,0.0164,0.2987,0.0554
OPT-0026_INTERACTION_PRICE_FLOW,OPT-0026,INTERACTION_PRICE_FLOW,14,R2025,ETHUSDT,2189,0.5406,0.4179,0.6693,0.238,0.4328,0.069,0.0612,0.3568,0.0709
OPT-0026_INTERACTION_PRICE_FLOW,OPT-0026,INTERACTION_PRICE_FLOW,14,R2025,SOLUSDT,2189,0.5253,0.4151,0.6758,0.2413,0.4025,0.0729,0.0726,0.4177,0.042
OPT-0026_INTERACTION_PRICE_FLOW,OPT-0026,INTERACTION_PRICE_FLOW,14,R2025,POOLED_ALL,6567,0.5642,0.41,0.654,0.2308,0.4134,0.0565,0.0501,0.3577,0.0752
OPT-0026_INTERACTION_OI_FLOW,OPT-0026,INTERACTION_OI_FLOW,14,W1,BTCUSDT,2004,0.5683,0.3396,0.5855,0.1983,0.8,0.0072,0.0025,0.2857,0.045
OPT-0026_INTERACTION_OI_FLOW,OPT-0026,INTERACTION_OI_FLOW,14,W1,ETHUSDT,2004,0.5513,0.3185,0.6021,0.2058,0.25,0.007,0.008,0.3371,0.0359
OPT-0026_INTERACTION_OI_FLOW,OPT-0026,INTERACTION_OI_FLOW,14,W1,SOLUSDT,2004,0.5452,0.4683,0.6763,0.2415,0.5926,0.0577,0.0404,0.4084,0.0431
OPT-0026_INTERACTION_OI_FLOW,OPT-0026,INTERACTION_OI_FLOW,14,W1,POOLED_ALL,6012,0.5902,0.4072,0.6213,0.2152,0.549,0.0286,0.017,0.3437,0.0652
OPT-0026_INTERACTION_OI_FLOW,OPT-0026,INTERACTION_OI_FLOW,14,W2,BTCUSDT,2196,0.5835,0.4291,0.6468,0.2272,0.5135,0.0245,0.0168,0.3006,0.0579
OPT-0026_INTERACTION_OI_FLOW,OPT-0026,INTERACTION_OI_FLOW,14,W2,ETHUSDT,2196,0.5852,0.462,0.6531,0.2303,0.6364,0.0257,0.015,0.3305,0.0519
OPT-0026_INTERACTION_OI_FLOW,OPT-0026,INTERACTION_OI_FLOW,14,W2,SOLUSDT,2196,0.5417,0.4807,0.6836,0.2452,0.5455,0.0376,0.0301,0.4099,0.035
OPT-0026_INTERACTION_OI_FLOW,OPT-0026,INTERACTION_OI_FLOW,14,W2,POOLED_ALL,6588,0.5821,0.4589,0.6611,0.2342,0.5588,0.0298,0.0206,0.347,0.0675
OPT-0026_INTERACTION_OI_FLOW,OPT-0026,INTERACTION_OI_FLOW,14,R2025,BTCUSDT,2189,0.5803,0.3824,0.616,0.2127,0.4722,0.0247,0.0164,0.2977,0.0564
OPT-0026_INTERACTION_OI_FLOW,OPT-0026,INTERACTION_OI_FLOW,14,R2025,ETHUSDT,2189,0.5411,0.4185,0.6691,0.2379,0.424,0.063,0.0571,0.356,0.071
OPT-0026_INTERACTION_OI_FLOW,OPT-0026,INTERACTION_OI_FLOW,14,R2025,SOLUSDT,2189,0.5345,0.4233,0.6739,0.2404,0.4153,0.0558,0.0539,0.4144,0.0397
OPT-0026_INTERACTION_OI_FLOW,OPT-0026,INTERACTION_OI_FLOW,14,R2025,POOLED_ALL,6567,0.5671,0.4142,0.653,0.2303,0.4265,0.0494,0.0425,0.356,0.0744
OPT-0026_INTERACTION_CONTEXT,OPT-0026,INTERACTION_CONTEXT,14,W1,BTCUSDT,2004,0.5709,0.3433,0.5849,0.1981,0.625,0.009,0.004,0.2862,0.0456
OPT-0026_INTERACTION_CONTEXT,OPT-0026,INTERACTION_CONTEXT,14,W1,ETHUSDT,2004,0.5616,0.326,0.6011,0.2054,0.3571,0.0087,0.007,0.3367,0.0349
OPT-0026_INTERACTION_CONTEXT,OPT-0026,INTERACTION_CONTEXT,14,W1,SOLUSDT,2004,0.5342,0.4595,0.6777,0.2422,0.5541,0.0493,0.0369,0.4073,0.0421
OPT-0026_INTERACTION_CONTEXT,OPT-0026,INTERACTION_CONTEXT,14,W1,POOLED_ALL,6012,0.5908,0.405,0.6212,0.2152,0.5312,0.026,0.016,0.3434,0.0645
OPT-0026_INTERACTION_CONTEXT,OPT-0026,INTERACTION_CONTEXT,14,W2,BTCUSDT,2196,0.5859,0.4282,0.6471,0.2274,0.5,0.0245,0.0173,0.3011,0.06
OPT-0026_INTERACTION_CONTEXT,OPT-0026,INTERACTION_CONTEXT,14,W2,ETHUSDT,2196,0.5845,0.461,0.6531,0.2304,0.6486,0.0293,0.0168,0.3309,0.0534
OPT-0026_INTERACTION_CONTEXT,OPT-0026,INTERACTION_CONTEXT,14,W2,SOLUSDT,2196,0.539,0.4809,0.6838,0.2453,0.5893,0.0344,0.0255,0.4103,0.0317
OPT-0026_INTERACTION_CONTEXT,OPT-0026,INTERACTION_CONTEXT,14,W2,POOLED_ALL,6588,0.5814,0.4571,0.6613,0.2343,0.5802,0.0298,0.0199,0.3474,0.0679
OPT-0026_INTERACTION_CONTEXT,OPT-0026,INTERACTION_CONTEXT,14,R2025,BTCUSDT,2189,0.5759,0.3744,0.6173,0.2133,0.4412,0.0218,0.0155,0.3006,0.0573
OPT-0026_INTERACTION_CONTEXT,OPT-0026,INTERACTION_CONTEXT,14,R2025,ETHUSDT,2189,0.5408,0.4179,0.6693,0.238,0.4385,0.0678,0.0594,0.3568,0.071
OPT-0026_INTERACTION_CONTEXT,OPT-0026,INTERACTION_CONTEXT,14,R2025,SOLUSDT,2189,0.5233,0.4149,0.6752,0.2411,0.4158,0.0478,0.0461,0.415,0.0366
OPT-0026_INTERACTION_CONTEXT,OPT-0026,INTERACTION_CONTEXT,14,R2025,POOLED_ALL,6567,0.5632,0.4097,0.6539,0.2308,0.4302,0.0473,0.0404,0.3575,0.0735
OPT-0026_INTERACTION_ALL,OPT-0026,INTERACTION_ALL,20,W1,BTCUSDT,2004,0.5502,0.33,0.5883,0.1994,0.4615,0.0108,0.0065,0.2865,0.0571
OPT-0026_INTERACTION_ALL,OPT-0026,INTERACTION_ALL,20,W1,ETHUSDT,2004,0.5539,0.3193,0.6019,0.2057,0.3158,0.0105,0.0095,0.336,0.0366
OPT-0026_INTERACTION_ALL,OPT-0026,INTERACTION_ALL,20,W1,SOLUSDT,2004,0.5431,0.4645,0.6773,0.242,0.5526,0.0757,0.0569,0.4073,0.0477
OPT-0026_INTERACTION_ALL,OPT-0026,INTERACTION_ALL,20,W1,POOLED_ALL,6012,0.587,0.4046,0.6225,0.2157,0.5137,0.0382,0.0243,0.3433,0.0689
OPT-0026_INTERACTION_ALL,OPT-0026,INTERACTION_ALL,20,W2,BTCUSDT,2196,0.5823,0.4231,0.647,0.2273,0.4419,0.0245,0.0196,0.3041,0.063
OPT-0026_INTERACTION_ALL,OPT-0026,INTERACTION_ALL,20,W2,ETHUSDT,2196,0.5842,0.4599,0.6533,0.2304,0.641,0.0306,0.0178,0.3309,0.0562
OPT-0026_INTERACTION_ALL,OPT-0026,INTERACTION_ALL,20,W2,SOLUSDT,2196,0.5428,0.4841,0.6836,0.2452,0.5591,0.0543,0.0423,0.4094,0.0372
OPT-0026_INTERACTION_ALL,OPT-0026,INTERACTION_ALL,20,W2,POOLED_ALL,6588,0.5814,0.4565,0.6613,0.2343,0.5486,0.0376,0.0266,0.3481,0.0695
OPT-0026_INTERACTION_ALL,OPT-0026,INTERACTION_ALL,20,R2025,BTCUSDT,2189,0.5756,0.3737,0.6176,0.2135,0.4103,0.0232,0.0178,0.2998,0.0589
OPT-0026_INTERACTION_ALL,OPT-0026,INTERACTION_ALL,20,R2025,ETHUSDT,2189,0.5431,0.4198,0.669,0.2379,0.4331,0.0654,0.058,0.3552,0.0716
OPT-0026_INTERACTION_ALL,OPT-0026,INTERACTION_ALL,20,R2025,SOLUSDT,2189,0.5327,0.4211,0.675,0.2409,0.4233,0.0786,0.0745,0.4171,0.0452
OPT-0026_INTERACTION_ALL,OPT-0026,INTERACTION_ALL,20,R2025,POOLED_ALL,6567,0.5654,0.4116,0.6539,0.2307,0.4255,0.0581,0.0501,0.3574,0.0764
OPT-0056_BASE_12,OPT-0056,BASE_12,12,W1,BTCUSDT,2004,0.5762,0.3425,0.5846,0.198,1.0,0.0054,0.0015,0.2856,0.0426
OPT-0056_BASE_12,OPT-0056,BASE_12,12,W1,ETHUSDT,2004,0.5586,0.3238,0.6014,0.2055,0.2857,0.0035,0.0035,0.3366,0.0351
OPT-0056_BASE_12,OPT-0056,BASE_12,12,W1,SOLUSDT,2004,0.5362,0.4644,0.6772,0.2419,0.64,0.0385,0.025,0.4089,0.0446
OPT-0056_BASE_12,OPT-0056,BASE_12,12,W1,POOLED_ALL,6012,0.5903,0.4072,0.6211,0.2151,0.6167,0.0189,0.01,0.3437,0.0651
OPT-0056_BASE_12,OPT-0056,BASE_12,12,W2,BTCUSDT,2196,0.5836,0.4281,0.6469,0.2272,0.5333,0.0206,0.0137,0.301,0.0584
OPT-0056_BASE_12,OPT-0056,BASE_12,12,W2,ETHUSDT,2196,0.5852,0.4612,0.653,0.2303,0.6296,0.0208,0.0123,0.3309,0.0532
OPT-0056_BASE_12,OPT-0056,BASE_12,12,W2,SOLUSDT,2196,0.5386,0.4791,0.6838,0.2453,0.6765,0.024,0.0155,0.4101,0.0326
OPT-0056_BASE_12,OPT-0056,BASE_12,12,W2,POOLED_ALL,6588,0.5815,0.4579,0.6612,0.2343,0.6154,0.0219,0.0138,0.3473,0.0675
OPT-0056_BASE_12,OPT-0056,BASE_12,12,R2025,BTCUSDT,2189,0.5813,0.3815,0.6163,0.2129,0.4828,0.0203,0.0132,0.2985,0.0559
OPT-0056_BASE_12,OPT-0056,BASE_12,12,R2025,ETHUSDT,2189,0.5388,0.4171,0.6695,0.2381,0.4423,0.0547,0.0475,0.357,0.0714
OPT-0056_BASE_12,OPT-0056,BASE_12,12,R2025,SOLUSDT,2189,0.5249,0.4156,0.6751,0.241,0.4138,0.0273,0.0265,0.4149,0.0368
OPT-0056_BASE_12,OPT-0056,BASE_12,12,R2025,POOLED_ALL,6567,0.5645,0.411,0.6536,0.2307,0.4398,0.0349,0.0291,0.3568,0.0738
OPT-0056_INTERACTION_PRICE_OI,OPT-0056,INTERACTION_PRICE_OI,14,W1,BTCUSDT,2004,0.5678,0.3412,0.5848,0.1981,0.625,0.009,0.004,0.286,0.045
OPT-0056_INTERACTION_PRICE_OI,OPT-0056,INTERACTION_PRICE_OI,14,W1,ETHUSDT,2004,0.5545,0.321,0.6016,0.2056,0.1818,0.0035,0.0055,0.3361,0.0359
OPT-0056_INTERACTION_PRICE_OI,OPT-0056,INTERACTION_PRICE_OI,14,W1,SOLUSDT,2004,0.5381,0.4669,0.677,0.2418,0.6471,0.0397,0.0254,0.4085,0.0451
OPT-0056_INTERACTION_PRICE_OI,OPT-0056,INTERACTION_PRICE_OI,14,W1,POOLED_ALL,6012,0.5896,0.4076,0.6212,0.2152,0.5714,0.0204,0.0116,0.3435,0.0656
OPT-0056_INTERACTION_PRICE_OI,OPT-0056,INTERACTION_PRICE_OI,14,W2,BTCUSDT,2196,0.5841,0.428,0.6467,0.2271,0.5,0.0168,0.0118,0.3018,0.0589
OPT-0056_INTERACTION_PRICE_OI,OPT-0056,INTERACTION_PRICE_OI,14,W2,ETHUSDT,2196,0.5849,0.4601,0.6531,0.2304,0.6,0.022,0.0137,0.3309,0.0541
OPT-0056_INTERACTION_PRICE_OI,OPT-0056,INTERACTION_PRICE_OI,14,W2,SOLUSDT,2196,0.5391,0.4792,0.6838,0.2453,0.6047,0.0271,0.0196,0.4095,0.0346
OPT-0056_INTERACTION_PRICE_OI,OPT-0056,INTERACTION_PRICE_OI,14,W2,POOLED_ALL,6588,0.5818,0.4578,0.6612,0.2343,0.5758,0.0223,0.015,0.3474,0.0678
OPT-0056_INTERACTION_PRICE_OI,OPT-0056,INTERACTION_PRICE_OI,14,R2025,BTCUSDT,2189,0.5815,0.382,0.6161,0.2128,0.5185,0.0203,0.0123,0.2984,0.0561
OPT-0056_INTERACTION_PRICE_OI,OPT-0056,INTERACTION_PRICE_OI,14,R2025,ETHUSDT,2189,0.5389,0.4173,0.6695,0.2381,0.4286,0.0535,0.048,0.357,0.0715
OPT-0056_INTERACTION_PRICE_OI,OPT-0056,INTERACTION_PRICE_OI,14,R2025,SOLUSDT,2189,0.5268,0.4167,0.6751,0.241,0.4308,0.0319,0.0297,0.4147,0.0384
OPT-0056_INTERACTION_PRICE_OI,OPT-0056,INTERACTION_PRICE_OI,14,R2025,POOLED_ALL,6567,0.5651,0.4115,0.6536,0.2306,0.4416,0.0361,0.03,0.3567,0.0742
OPT-0056_INTERACTION_PRICE_FLOW,OPT-0056,INTERACTION_PRICE_FLOW,14,W1,BTCUSDT,2004,0.5768,0.3428,0.5845,0.198,1.0,0.0054,0.0015,0.2857,0.0426
OPT-0056_INTERACTION_PRICE_FLOW,OPT-0056,INTERACTION_PRICE_FLOW,14,W1,ETHUSDT,2004,0.5586,0.3239,0.6014,0.2055,0.2857,0.0035,0.0035,0.3361,0.0357
OPT-0056_INTERACTION_PRICE_FLOW,OPT-0056,INTERACTION_PRICE_FLOW,14,W1,SOLUSDT,2004,0.5366,0.4646,0.6777,0.2421,0.5781,0.0445,0.0319,0.4096,0.0483
OPT-0056_INTERACTION_PRICE_FLOW,OPT-0056,INTERACTION_PRICE_FLOW,14,W1,POOLED_ALL,6012,0.5893,0.4067,0.6212,0.2152,0.5676,0.0214,0.0123,0.3438,0.0663
OPT-0056_INTERACTION_PRICE_FLOW,OPT-0056,INTERACTION_PRICE_FLOW,14,W2,BTCUSDT,2196,0.5811,0.4248,0.647,0.2273,0.5294,0.0232,0.0155,0.3029,0.0603
OPT-0056_INTERACTION_PRICE_FLOW,OPT-0056,INTERACTION_PRICE_FLOW,14,W2,ETHUSDT,2196,0.5855,0.4612,0.653,0.2303,0.6296,0.0208,0.0123,0.3311,0.0541
OPT-0056_INTERACTION_PRICE_FLOW,OPT-0056,INTERACTION_PRICE_FLOW,14,W2,SOLUSDT,2196,0.5394,0.483,0.6838,0.2453,0.6216,0.024,0.0168,0.4104,0.0342
OPT-0056_INTERACTION_PRICE_FLOW,OPT-0056,INTERACTION_PRICE_FLOW,14,W2,POOLED_ALL,6588,0.5808,0.4579,0.6612,0.2343,0.5918,0.0227,0.0149,0.3481,0.0682
OPT-0056_INTERACTION_PRICE_FLOW,OPT-0056,INTERACTION_PRICE_FLOW,14,R2025,BTCUSDT,2189,0.5786,0.3782,0.6169,0.2132,0.4643,0.0189,0.0128,0.2986,0.0557
OPT-0056_INTERACTION_PRICE_FLOW,OPT-0056,INTERACTION_PRICE_FLOW,14,R2025,ETHUSDT,2189,0.5401,0.4176,0.6694,0.238,0.4,0.0476,0.0457,0.3569,0.0715
OPT-0056_INTERACTION_PRICE_FLOW,OPT-0056,INTERACTION_PRICE_FLOW,14,R2025,SOLUSDT,2189,0.5257,0.4152,0.6758,0.2414,0.4135,0.049,0.0475,0.4177,0.0423
OPT-0056_INTERACTION_PRICE_FLOW,OPT-0056,INTERACTION_PRICE_FLOW,14,R2025,POOLED_ALL,6567,0.5641,0.4099,0.6541,0.2309,0.4138,0.0399,0.0353,0.3577,0.0755
OPT-0056_INTERACTION_OI_FLOW,OPT-0056,INTERACTION_OI_FLOW,14,W1,BTCUSDT,2004,0.5654,0.3374,0.5858,0.1984,0.75,0.0054,0.002,0.2854,0.0458
OPT-0056_INTERACTION_OI_FLOW,OPT-0056,INTERACTION_OI_FLOW,14,W1,ETHUSDT,2004,0.5478,0.3161,0.6025,0.206,0.2308,0.0052,0.0065,0.3369,0.0373
OPT-0056_INTERACTION_OI_FLOW,OPT-0056,INTERACTION_OI_FLOW,14,W1,SOLUSDT,2004,0.5426,0.4658,0.6765,0.2416,0.6296,0.0409,0.0269,0.4093,0.0461
OPT-0056_INTERACTION_OI_FLOW,OPT-0056,INTERACTION_OI_FLOW,14,W1,POOLED_ALL,6012,0.5888,0.4055,0.6216,0.2154,0.5634,0.0204,0.0118,0.3439,0.0667
OPT-0056_INTERACTION_OI_FLOW,OPT-0056,INTERACTION_OI_FLOW,14,W2,BTCUSDT,2196,0.5833,0.4289,0.6468,0.2272,0.5517,0.0206,0.0132,0.3008,0.0584
OPT-0056_INTERACTION_OI_FLOW,OPT-0056,INTERACTION_OI_FLOW,14,W2,ETHUSDT,2196,0.5852,0.4621,0.6529,0.2303,0.7083,0.0208,0.0109,0.3307,0.0525
OPT-0056_INTERACTION_OI_FLOW,OPT-0056,INTERACTION_OI_FLOW,14,W2,SOLUSDT,2196,0.5407,0.479,0.6837,0.2453,0.5814,0.0261,0.0196,0.4098,0.0356
OPT-0056_INTERACTION_OI_FLOW,OPT-0056,INTERACTION_OI_FLOW,14,W2,POOLED_ALL,6588,0.5821,0.4585,0.6611,0.2342,0.6042,0.0227,0.0146,0.3471,0.0678
OPT-0056_INTERACTION_OI_FLOW,OPT-0056,INTERACTION_OI_FLOW,14,R2025,BTCUSDT,2189,0.5806,0.3825,0.6159,0.2127,0.4828,0.0203,0.0132,0.2976,0.0567
OPT-0056_INTERACTION_OI_FLOW,OPT-0056,INTERACTION_OI_FLOW,14,R2025,ETHUSDT,2189,0.5404,0.4181,0.6693,0.2379,0.4412,0.0535,0.0466,0.356,0.0715
OPT-0056_INTERACTION_OI_FLOW,OPT-0056,INTERACTION_OI_FLOW,14,R2025,SOLUSDT,2189,0.5348,0.4234,0.6739,0.2404,0.4493,0.0353,0.0315,0.4143,0.04
OPT-0056_INTERACTION_OI_FLOW,OPT-0056,INTERACTION_OI_FLOW,14,R2025,POOLED_ALL,6567,0.5671,0.4142,0.653,0.2304,0.45,0.0374,0.0305,0.356,0.0747
OPT-0056_INTERACTION_CONTEXT,OPT-0056,INTERACTION_CONTEXT,14,W1,BTCUSDT,2004,0.5676,0.3401,0.5852,0.1983,0.625,0.009,0.004,0.2861,0.0463
OPT-0056_INTERACTION_CONTEXT,OPT-0056,INTERACTION_CONTEXT,14,W1,ETHUSDT,2004,0.5584,0.3238,0.6014,0.2055,0.25,0.0035,0.004,0.3364,0.0362
OPT-0056_INTERACTION_CONTEXT,OPT-0056,INTERACTION_CONTEXT,14,W1,SOLUSDT,2004,0.532,0.4577,0.6779,0.2423,0.5435,0.03,0.023,0.4082,0.0451
OPT-0056_INTERACTION_CONTEXT,OPT-0056,INTERACTION_CONTEXT,14,W1,POOLED_ALL,6012,0.5894,0.4037,0.6215,0.2154,0.5161,0.0163,0.0103,0.3436,0.0658
OPT-0056_INTERACTION_CONTEXT,OPT-0056,INTERACTION_CONTEXT,14,W2,BTCUSDT,2196,0.586,0.4281,0.6471,0.2274,0.5,0.018,0.0128,0.3011,0.0604
OPT-0056_INTERACTION_CONTEXT,OPT-0056,INTERACTION_CONTEXT,14,W2,ETHUSDT,2196,0.5843,0.4615,0.653,0.2303,0.6333,0.0232,0.0137,0.331,0.054
OPT-0056_INTERACTION_CONTEXT,OPT-0056,INTERACTION_CONTEXT,14,W2,SOLUSDT,2196,0.5379,0.4789,0.6839,0.2454,0.6857,0.0251,0.0159,0.4102,0.0323
OPT-0056_INTERACTION_CONTEXT,OPT-0056,INTERACTION_CONTEXT,14,W2,POOLED_ALL,6588,0.5814,0.4566,0.6613,0.2344,0.6129,0.0223,0.0141,0.3474,0.0682
OPT-0056_INTERACTION_CONTEXT,OPT-0056,INTERACTION_CONTEXT,14,R2025,BTCUSDT,2189,0.5757,0.3744,0.6173,0.2133,0.4667,0.0203,0.0137,0.3005,0.0576
OPT-0056_INTERACTION_CONTEXT,OPT-0056,INTERACTION_CONTEXT,14,R2025,ETHUSDT,2189,0.5402,0.4178,0.6695,0.2381,0.44,0.0523,0.0457,0.3568,0.0715
OPT-0056_INTERACTION_CONTEXT,OPT-0056,INTERACTION_CONTEXT,14,R2025,SOLUSDT,2189,0.5241,0.4152,0.6752,0.241,0.4098,0.0285,0.0279,0.415,0.0369
OPT-0056_INTERACTION_CONTEXT,OPT-0056,INTERACTION_CONTEXT,14,R2025,POOLED_ALL,6567,0.5632,0.4098,0.654,0.2308,0.4346,0.0345,0.0291,0.3574,0.0738
OPT-0056_INTERACTION_ALL,OPT-0056,INTERACTION_ALL,20,W1,BTCUSDT,2004,0.5475,0.3283,0.589,0.1997,0.4615,0.0108,0.0065,0.2863,0.0589
OPT-0056_INTERACTION_ALL,OPT-0056,INTERACTION_ALL,20,W1,ETHUSDT,2004,0.5506,0.3169,0.6022,0.2059,0.2308,0.0052,0.0065,0.3357,0.0382
OPT-0056_INTERACTION_ALL,OPT-0056,INTERACTION_ALL,20,W1,SOLUSDT,2004,0.5407,0.463,0.6776,0.2421,0.5294,0.0433,0.0339,0.408,0.0505
OPT-0056_INTERACTION_ALL,OPT-0056,INTERACTION_ALL,20,W1,POOLED_ALL,6012,0.5853,0.4029,0.623,0.2159,0.4787,0.0229,0.0156,0.3433,0.0706
OPT-0056_INTERACTION_ALL,OPT-0056,INTERACTION_ALL,20,W2,BTCUSDT,2196,0.5824,0.423,0.647,0.2273,0.5161,0.0206,0.0141,0.3045,0.0637
OPT-0056_INTERACTION_ALL,OPT-0056,INTERACTION_ALL,20,W2,ETHUSDT,2196,0.5841,0.4602,0.6532,0.2304,0.5882,0.0244,0.0155,0.331,0.0569
OPT-0056_INTERACTION_ALL,OPT-0056,INTERACTION_ALL,20,W2,SOLUSDT,2196,0.5423,0.4831,0.6837,0.2452,0.6222,0.0292,0.0205,0.4093,0.0377
OPT-0056_INTERACTION_ALL,OPT-0056,INTERACTION_ALL,20,W2,POOLED_ALL,6588,0.5815,0.4563,0.6613,0.2343,0.5818,0.0251,0.0167,0.3483,0.0699
OPT-0056_INTERACTION_ALL,OPT-0056,INTERACTION_ALL,20,R2025,BTCUSDT,2189,0.5756,0.3735,0.6176,0.2135,0.4194,0.0189,0.0142,0.2996,0.0592
OPT-0056_INTERACTION_ALL,OPT-0056,INTERACTION_ALL,20,R2025,ETHUSDT,2189,0.5426,0.4198,0.6692,0.2379,0.4158,0.0499,0.0461,0.3552,0.0722
OPT-0056_INTERACTION_ALL,OPT-0056,INTERACTION_ALL,20,R2025,SOLUSDT,2189,0.5336,0.4215,0.6749,0.2409,0.4404,0.0547,0.0498,0.417,0.0454
OPT-0056_INTERACTION_ALL,OPT-0056,INTERACTION_ALL,20,R2025,POOLED_ALL,6567,0.5655,0.4118,0.6539,0.2308,0.4274,0.0428,0.0367,0.3573,0.0767
