quadrant_id,quadrant_description,symbol,year,sample_count,mean_net_return_pct,median_net_return_pct,positive_rate_pct,small_sample_flag
Q1_PriceUp_FlowBuy,价格涨+主动买盘,BTCUSDT,2023,2361,-0.2416,-0.3632,26.47,NORMAL
Q2_PriceUp_FlowSell,价格涨+主动卖盘,BTCUSDT,2023,2096,-0.2777,-0.3455,23.62,NORMAL
Q3_PriceDown_FlowBuy,价格跌+主动买盘,BTCUSDT,2023,528,-0.2701,-0.2736,27.46,NORMAL
Q4_PriceDown_FlowSell,价格跌+主动卖盘,BTCUSDT,2023,3771,-0.2441,-0.2332,29.46,NORMAL
Q1_PriceUp_FlowBuy,价格涨+主动买盘,BTCUSDT,2024,2901,-0.294,-0.3395,31.44,NORMAL
Q2_PriceUp_FlowSell,价格涨+主动卖盘,BTCUSDT,2024,1665,-0.2775,-0.2809,32.97,NORMAL
Q3_PriceDown_FlowBuy,价格跌+主动买盘,BTCUSDT,2024,872,-0.2103,-0.2056,38.19,NORMAL
Q4_PriceDown_FlowSell,价格跌+主动卖盘,BTCUSDT,2024,3346,-0.2304,-0.217,36.7,NORMAL
Q1_PriceUp_FlowBuy,价格涨+主动买盘,BTCUSDT,2025,2371,-0.3181,-0.3375,29.4,NORMAL
Q2_PriceUp_FlowSell,价格涨+主动卖盘,BTCUSDT,2025,2056,-0.2429,-0.2741,30.93,NORMAL
Q3_PriceDown_FlowBuy,价格跌+主动买盘,BTCUSDT,2025,720,-0.345,-0.3102,30.0,NORMAL
Q4_PriceDown_FlowSell,价格跌+主动卖盘,BTCUSDT,2025,3604,-0.3097,-0.2724,31.77,NORMAL
Q1_PriceUp_FlowBuy,价格涨+主动买盘,BTCUSDT,ALL,10585,-0.3057,-0.3507,29.36,NORMAL
Q2_PriceUp_FlowSell,价格涨+主动卖盘,BTCUSDT,ALL,7561,-0.2798,-0.3133,29.0,NORMAL
Q3_PriceDown_FlowBuy,价格跌+主动买盘,BTCUSDT,ALL,3081,-0.2882,-0.2553,33.2,NORMAL
Q4_PriceDown_FlowSell,价格跌+主动卖盘,BTCUSDT,ALL,14563,-0.2832,-0.2436,33.1,NORMAL
Q1_PriceUp_FlowBuy,价格涨+主动买盘,ETHUSDT,2023,2807,-0.2567,-0.3517,28.18,NORMAL
Q2_PriceUp_FlowSell,价格涨+主动卖盘,ETHUSDT,2023,1631,-0.2775,-0.3307,26.67,NORMAL
Q3_PriceDown_FlowBuy,价格跌+主动买盘,ETHUSDT,2023,1050,-0.25,-0.2556,30.19,NORMAL
Q4_PriceDown_FlowSell,价格跌+主动卖盘,ETHUSDT,2023,3268,-0.2722,-0.2412,31.95,NORMAL
Q1_PriceUp_FlowBuy,价格涨+主动买盘,ETHUSDT,2024,3127,-0.2493,-0.3098,36.36,NORMAL
Q2_PriceUp_FlowSell,价格涨+主动卖盘,ETHUSDT,2024,1353,-0.3155,-0.307,35.18,NORMAL
Q3_PriceDown_FlowBuy,价格跌+主动买盘,ETHUSDT,2024,1115,-0.2923,-0.2977,34.17,NORMAL
Q4_PriceDown_FlowSell,价格跌+主动卖盘,ETHUSDT,2024,3189,-0.2747,-0.2208,39.23,NORMAL
Q1_PriceUp_FlowBuy,价格涨+主动买盘,ETHUSDT,2025,2823,-0.2381,-0.2836,38.26,NORMAL
Q2_PriceUp_FlowSell,价格涨+主动卖盘,ETHUSDT,2025,1617,-0.2652,-0.3361,36.61,NORMAL
Q3_PriceDown_FlowBuy,价格跌+主动买盘,ETHUSDT,2025,1048,-0.3462,-0.187,41.32,NORMAL
Q4_PriceDown_FlowSell,价格跌+主动卖盘,ETHUSDT,2025,3263,-0.3386,-0.2862,39.23,NORMAL
Q1_PriceUp_FlowBuy,价格涨+主动买盘,ETHUSDT,ALL,12164,-0.2847,-0.3382,34.53,NORMAL
Q2_PriceUp_FlowSell,价格涨+主动卖盘,ETHUSDT,ALL,5942,-0.2701,-0.327,33.24,NORMAL
Q3_PriceDown_FlowBuy,价格跌+主动买盘,ETHUSDT,ALL,4502,-0.3272,-0.2561,36.07,NORMAL
Q4_PriceDown_FlowSell,价格跌+主动卖盘,ETHUSDT,ALL,13182,-0.3042,-0.2406,37.62,NORMAL
Q1_PriceUp_FlowBuy,价格涨+主动买盘,SOLUSDT,2023,2836,-0.1242,-0.3502,39.56,NORMAL
Q2_PriceUp_FlowSell,价格涨+主动卖盘,SOLUSDT,2023,1530,-0.221,-0.3006,38.04,NORMAL
Q3_PriceDown_FlowBuy,价格跌+主动买盘,SOLUSDT,2023,1086,-0.3095,-0.3955,37.57,NORMAL
Q4_PriceDown_FlowSell,价格跌+主动卖盘,SOLUSDT,2023,3304,-0.1466,-0.171,43.52,NORMAL
Q1_PriceUp_FlowBuy,价格涨+主动买盘,SOLUSDT,2024,3266,-0.2886,-0.3329,40.36,NORMAL
Q2_PriceUp_FlowSell,价格涨+主动卖盘,SOLUSDT,2024,1208,-0.2824,-0.3088,41.8,NORMAL
Q3_PriceDown_FlowBuy,价格跌+主动买盘,SOLUSDT,2024,1102,-0.2907,-0.2825,41.83,NORMAL
Q4_PriceDown_FlowSell,价格跌+主动卖盘,SOLUSDT,2024,3208,-0.1974,-0.1803,44.23,NORMAL
Q1_PriceUp_FlowBuy,价格涨+主动买盘,SOLUSDT,2025,2841,-0.2947,-0.277,41.11,NORMAL
Q2_PriceUp_FlowSell,价格涨+主动卖盘,SOLUSDT,2025,1534,-0.2718,-0.3006,39.5,NORMAL
Q3_PriceDown_FlowBuy,价格跌+主动买盘,SOLUSDT,2025,1198,-0.2645,-0.241,41.65,NORMAL
Q4_PriceDown_FlowSell,价格跌+主动卖盘,SOLUSDT,2025,3178,-0.3405,-0.3244,41.06,NORMAL
Q1_PriceUp_FlowBuy,价格涨+主动买盘,SOLUSDT,ALL,12084,-0.2866,-0.3593,40.09,NORMAL
Q2_PriceUp_FlowSell,价格涨+主动卖盘,SOLUSDT,ALL,5684,-0.2985,-0.3395,39.5,NORMAL
Q3_PriceDown_FlowBuy,价格跌+主动买盘,SOLUSDT,ALL,4727,-0.3009,-0.3235,40.83,NORMAL
Q4_PriceDown_FlowSell,价格跌+主动卖盘,SOLUSDT,ALL,13295,-0.2697,-0.2257,42.81,NORMAL
Q1_PriceUp_FlowBuy,价格涨+主动买盘,ALL,2023,8004,-0.2053,-0.3555,31.71,NORMAL
Q2_PriceUp_FlowSell,价格涨+主动卖盘,ALL,2023,5257,-0.2611,-0.3374,28.76,NORMAL
Q3_PriceDown_FlowBuy,价格跌+主动买盘,ALL,2023,2664,-0.2782,-0.2892,32.66,NORMAL
Q4_PriceDown_FlowSell,价格跌+主动卖盘,ALL,2023,10343,-0.2218,-0.2246,34.74,NORMAL
Q1_PriceUp_FlowBuy,价格涨+主动买盘,ALL,2024,9294,-0.2771,-0.3267,36.23,NORMAL
Q2_PriceUp_FlowSell,价格涨+主动卖盘,ALL,2024,4226,-0.2911,-0.2947,36.2,NORMAL
Q3_PriceDown_FlowBuy,价格跌+主动买盘,ALL,2024,3089,-0.2686,-0.2624,38.04,NORMAL
Q4_PriceDown_FlowSell,价格跌+主动卖盘,ALL,2024,9743,-0.234,-0.2113,40.01,NORMAL
Q1_PriceUp_FlowBuy,价格涨+主动买盘,ALL,2025,8035,-0.2817,-0.3046,36.65,NORMAL
Q2_PriceUp_FlowSell,价格涨+主动卖盘,ALL,2025,5207,-0.2583,-0.2922,35.22,NORMAL
Q3_PriceDown_FlowBuy,价格跌+主动买盘,ALL,2025,2966,-0.3129,-0.2431,38.71,NORMAL
Q4_PriceDown_FlowSell,价格跌+主动卖盘,ALL,2025,10045,-0.3288,-0.29,37.13,NORMAL
Q1_PriceUp_FlowBuy,价格涨+主动买盘,ALL,ALL,34833,-0.2918,-0.3472,34.89,NORMAL
Q2_PriceUp_FlowSell,价格涨+主动卖盘,ALL,ALL,19187,-0.2824,-0.3198,33.42,NORMAL
Q3_PriceDown_FlowBuy,价格跌+主动买盘,ALL,ALL,12310,-0.3073,-0.2723,37.18,NORMAL
Q4_PriceDown_FlowSell,价格跌+主动卖盘,ALL,ALL,41040,-0.2856,-0.2397,37.69,NORMAL
