candidate_id,model_name,threshold,sizing_name,g_week_pct,annual_compound_pct,fitness,ret_2023_pct,ret_2024_pct,ret_2025_pct,worst_mdd_pct,min_cycles,floor_triggers,on_valid_pareto_front,audit_tags
OPT-0005_LR_C0.05_th0.48_alpha_high30,LR_C0.05,0.48,alpha_high30,0.13707825856762001,7.38302009231937,-5.12282424570372,8.83220261621155,18.5001267196473,-3.9148226871459504,11.60498232139673,38,0,True,Named_Target; Top10_gweek; Pareto_Active
OPT-0001_LR_C0.05_th0.48_R6_default,LR_C0.05,0.48,R6_default,0.13106073623682,7.04798028478415,-4.908577416468042,7.653266450601549,18.27160365924885,-3.58619323514095,11.493083070268769,38,0,True,Named_Target; Top10_gweek; Top10_fitness; Pareto_Active
OPT-0026_LR_C0.10_th0.48_R6_default,LR_C0.10,0.48,R6_default,0.12929338611045,6.949773804983983,-4.473758778747366,7.15886387682535,17.4087546859815,-2.6987709139108,11.507333415804839,53,0,True,Named_Target; Top10_gweek; Top10_fitness; Top10_2025; Pareto_Active
OPT-0030_LR_C0.10_th0.48_alpha_high30,LR_C0.10,0.48,alpha_high30,0.12665682678848,6.803432126784981,-4.8992916190336135,8.06622675750285,16.83107127157625,-3.4375414305498,11.6143554610944,53,0,False,Top10_gweek; Top10_fitness
OPT-0051_LR_C0.50_th0.48_R6_default,LR_C0.50,0.48,R6_default,0.1181119712694,6.330500047998089,-5.094632371472168,6.859093480433651,17.16596881848215,-3.9181552696783,11.507333415804839,66,0,False,Top10_gweek
OPT-0055_LR_C0.50_th0.48_alpha_high30,LR_C0.50,0.48,alpha_high30,0.11528951538391,6.174737321118617,-5.609763461106439,7.640719436671151,16.91956734078365,-4.835750491886301,11.6143554610944,64,0,False,Top10_gweek
OPT-0076_LR_C1.00_th0.48_R6_default,LR_C1.00,0.48,R6_default,0.10956180584544,5.859330069548729,-5.10318253689613,6.79781268525715,15.676238721441951,-3.9181552696783,11.507333415804839,65,0,False,Top10_gweek
OPT-0080_LR_C1.00_th0.48_alpha_high30,LR_C1.00,0.48,alpha_high30,0.10785816551544,5.765693307761266,-5.617194810974912,7.729058642032149,15.47398365937345,-4.835750491886301,11.6143554610944,66,0,False,Top10_gweek
OPT-0060_LR_C0.50_th0.50_alpha_high30,LR_C0.50,0.5,alpha_high30,0.10738977053078001,5.739963270495263,-4.4493896771516654,7.1387537526856,13.682925316693751,-2.875029316305,11.23852957905989,36,0,True,Named_Target; Top10_gweek; Top10_fitness; Top10_2025; Pareto_Active
OPT-0010_LR_C0.05_th0.50_alpha_high30,LR_C0.05,0.5,alpha_high30,0.10582127104811999,5.653846599220058,-14.450958176634316,7.0465129426971505,13.5021410535848,-2.875029316305,11.23852957905989,26,0,False,Top10_gweek; Top10_2025
OPT-0006_LR_C0.05_th0.50_R6_default,LR_C0.05,0.5,R6_default,0.10324706757546,5.512661960952059,-14.22211640537708,6.1483843455821505,13.490599271824799,-2.43683381002745,11.21389313587764,26,0,False,Top10_2025
OPT-0056_LR_C0.50_th0.50_R6_default,LR_C0.50,0.5,R6_default,0.10242637387406,5.467689146430477,-4.222937099078481,6.2087140797256,13.280649072282849,-2.43683381002745,11.21389313587764,36,0,True,Named_Target; Top10_fitness; Top10_2025; Pareto_Active
OPT-0035_LR_C0.10_th0.50_alpha_high30,LR_C0.10,0.5,alpha_high30,0.10223396856666,5.457148337736428,-4.454545479115778,5.9561993198151,14.0286058736109,-2.875029316305,11.23852957905989,30,0,False,Top10_fitness; Top10_2025
OPT-0085_LR_C1.00_th0.50_alpha_high30,LR_C1.00,0.5,alpha_high30,0.10135214987742,5.408851650530666,-4.9117914102007765,7.1387537526856,13.682925316693751,-3.7877575410965,11.23852957905989,36,0,False,Top10_fitness
OPT-0031_LR_C0.10_th0.50_R6_default,LR_C0.10,0.5,R6_default,0.09785931506694,5.217764203316078,-4.227504157885605,5.064268113370099,13.6995916543419,-2.43683381002745,11.21389313587764,30,0,False,Named_Target; Top10_fitness; Top10_2025
OPT-0081_LR_C1.00_th0.50_R6_default,LR_C1.00,0.5,R6_default,0.0963365370595,5.1345618225132394,-4.691418756657294,6.2087140797256,13.280649072282849,-3.36161745155595,11.21389313587764,36,0,False,Top10_fitness
OPT-0028_LR_C0.10_th0.48_pure_defense_20,LR_C0.10,0.48,pure_defense_20,0.07984691233754,4.237715087274951,-5.09160404767324,5.91313228737085,11.1858904908021,-3.7800824036388,11.56281951638276,38,0,False,Top10_fitness
OPT-0198_LGB_fast_th0.58_pure_defense_20,LGB_fast,0.58,pure_defense_20,0.02237269324943,1.1700419913071025,-9.97762730675057,3.56404227329,0.0,0.0,0.2478894,0,0,False,Top_low_MDD
OPT-0199_LGB_fast_th0.58_pure_defense_30,LGB_fast,0.58,pure_defense_30,0.02237269324943,1.1700419913071025,-9.97762730675057,3.56404227329,0.0,0.0,0.2478894,0,0,False,Top_low_MDD
OPT-0197_LGB_fast_th0.58_pure_defense_25,LGB_fast,0.58,pure_defense_25,0.02237269324943,1.1700419913071025,-9.97762730675057,3.56404227329,0.0,0.0,0.2478894,0,0,False,Top_low_MDD
OPT-0200_LGB_fast_th0.58_alpha_high30,LGB_fast,0.58,alpha_high30,0.02204390622466,1.1527503432076536,-9.977956093775337,3.3855087324500004,0.0,0.121152200085,0.45688652962162,0,0,False,Top_low_MDD
OPT-0196_LGB_fast_th0.58_R6_default,LGB_fast,0.58,R6_default,0.02204390622466,1.1527503432076536,-9.977956093775337,3.3855087324500004,0.0,0.121152200085,0.45688652962162,0,0,False,Top_low_MDD
OPT-0146_LGB_medium_th0.58_R6_default,LGB_medium,0.58,R6_default,0.0007985739827796577,0.041534304403012534,-9.99920142601722,0.003935563885,0.0,0.121152200085,0.45688652962162,0,0,False,Top_low_MDD
OPT-0150_LGB_medium_th0.58_alpha_high30,LGB_medium,0.58,alpha_high30,0.0007985739827796577,0.041534304403012534,-9.99920142601722,0.003935563885,0.0,0.121152200085,0.45688652962162,0,0,False,Top_low_MDD
OPT-0149_LGB_medium_th0.58_pure_defense_30,LGB_medium,0.58,pure_defense_30,2.5139232153986147e-05,0.0013072484525533667,-9.999974860767846,0.003935563885,0.0,0.0,0.1763562,0,0,False,Top_low_MDD
OPT-0147_LGB_medium_th0.58_pure_defense_25,LGB_medium,0.58,pure_defense_25,2.5139232153986147e-05,0.0013072484525533667,-9.999974860767846,0.003935563885,0.0,0.0,0.1763562,0,0,False,Top_low_MDD
OPT-0148_LGB_medium_th0.58_pure_defense_20,LGB_medium,0.58,pure_defense_20,2.5139232153986147e-05,0.0013072484525533667,-9.999974860767846,0.003935563885,0.0,0.0,0.1763562,0,0,False,Top_low_MDD
OPT-0131_LGB_medium_th0.50_R6_default,LGB_medium,0.5,R6_default,-0.020809691893039998,-1.0763816893312628,-11.287222185310917,0.5751641722837499,-1.423181434036,-2.3696300640435,5.16319492279224,25,0,False,Top10_2025
OPT-0133_LGB_medium_th0.50_pure_defense_20,LGB_medium,0.5,pure_defense_20,-0.0248733613982,-1.2852449472110283,-11.722009088958824,0.940139733196,-1.837590743946,-2.9315839550035,5.46268750011773,24,0,False,Top10_2025
OPT-0135_LGB_medium_th0.50_alpha_high30,LGB_medium,0.5,alpha_high30,-0.02545825946077,-1.31527173305368,-11.410147808991924,0.40969531533275005,-1.89100531540845,-2.4550434868515,5.3143356122108,25,0,False,Top10_2025
