candidate_id,model_name,threshold,sizing_name,g_week,fitness,ret_w1,ret_w2,ret_2025,worst_mdd,min_cycles,floor_triggers,g_week_pct,annual_compound_pct,ret_2023_pct,ret_2024_pct,ret_2025_pct,worst_mdd_pct
OPT-0005_LR_C0.05_th0.48_alpha_high30,LR_C0.05,0.48,alpha_high30,0.0013707825856762,-5.12282424570372,0.0883220261621155,0.185001267196473,-0.0391482268714595,0.1160498232139673,38,0,0.13707825856762001,7.38302009231937,8.83220261621155,18.5001267196473,-3.9148226871459504,11.60498232139673
OPT-0001_LR_C0.05_th0.48_R6_default,LR_C0.05,0.48,R6_default,0.0013106073623682,-4.908577416468042,0.0765326645060155,0.1827160365924885,-0.0358619323514095,0.1149308307026877,38,0,0.13106073623682,7.04798028478415,7.653266450601549,18.27160365924885,-3.58619323514095,11.493083070268769
OPT-0026_LR_C0.10_th0.48_R6_default,LR_C0.10,0.48,R6_default,0.0012929338611045,-4.473758778747366,0.0715886387682535,0.174087546859815,-0.026987709139108,0.1150733341580484,53,0,0.12929338611045,6.949773804983983,7.15886387682535,17.4087546859815,-2.6987709139108,11.507333415804839
OPT-0030_LR_C0.10_th0.48_alpha_high30,LR_C0.10,0.48,alpha_high30,0.0012665682678848,-4.8992916190336135,0.0806622675750285,0.1683107127157625,-0.034375414305498,0.116143554610944,53,0,0.12665682678848,6.803432126784981,8.06622675750285,16.83107127157625,-3.4375414305498,11.6143554610944
OPT-0051_LR_C0.50_th0.48_R6_default,LR_C0.50,0.48,R6_default,0.001181119712694,-5.094632371472168,0.0685909348043365,0.1716596881848215,-0.039181552696783,0.1150733341580484,66,0,0.1181119712694,6.330500047998089,6.859093480433651,17.16596881848215,-3.9181552696783,11.507333415804839
OPT-0055_LR_C0.50_th0.48_alpha_high30,LR_C0.50,0.48,alpha_high30,0.0011528951538391,-5.609763461106439,0.0764071943667115,0.1691956734078365,-0.048357504918863,0.116143554610944,64,0,0.11528951538391,6.174737321118617,7.640719436671151,16.91956734078365,-4.835750491886301,11.6143554610944
OPT-0076_LR_C1.00_th0.48_R6_default,LR_C1.00,0.48,R6_default,0.0010956180584544,-5.10318253689613,0.0679781268525715,0.1567623872144195,-0.039181552696783,0.1150733341580484,65,0,0.10956180584544,5.859330069548729,6.79781268525715,15.676238721441951,-3.9181552696783,11.507333415804839
OPT-0080_LR_C1.00_th0.48_alpha_high30,LR_C1.00,0.48,alpha_high30,0.0010785816551544,-5.617194810974912,0.0772905864203215,0.1547398365937345,-0.048357504918863,0.116143554610944,66,0,0.10785816551544,5.765693307761266,7.729058642032149,15.47398365937345,-4.835750491886301,11.6143554610944
OPT-0060_LR_C0.50_th0.50_alpha_high30,LR_C0.50,0.5,alpha_high30,0.0010738977053078,-4.4493896771516654,0.071387537526856,0.1368292531669375,-0.02875029316305,0.1123852957905989,36,0,0.10738977053078001,5.739963270495263,7.1387537526856,13.682925316693751,-2.875029316305,11.23852957905989
OPT-0010_LR_C0.05_th0.50_alpha_high30,LR_C0.05,0.5,alpha_high30,0.0010582127104812,-14.450958176634316,0.0704651294269715,0.135021410535848,-0.02875029316305,0.1123852957905989,26,0,0.10582127104811999,5.653846599220058,7.0465129426971505,13.5021410535848,-2.875029316305,11.23852957905989
