candidate_id,model_name,threshold,sizing_name,g_week,fitness,ret_w1,ret_w2,ret_2025,worst_mdd,min_cycles,floor_triggers,g_week_pct,ret_2023_pct,ret_2024_pct,ret_2025_pct,worst_mdd_pct
OPT-0056_LR_C0.50_th0.50_R6_default,LR_C0.50,0.5,R6_default,0.0010242637387406,-4.222937099078481,0.062087140797256,0.1328064907228285,-0.0243683381002745,0.1121389313587764,36,0,0.10242637387406,6.2087140797256,13.280649072282849,-2.43683381002745,11.21389313587764
OPT-0031_LR_C0.10_th0.50_R6_default,LR_C0.10,0.5,R6_default,0.0009785931506694,-4.227504157885605,0.050642681133701,0.136995916543419,-0.0243683381002745,0.1121389313587764,30,0,0.09785931506694,5.064268113370099,13.6995916543419,-2.43683381002745,11.21389313587764
OPT-0060_LR_C0.50_th0.50_alpha_high30,LR_C0.50,0.5,alpha_high30,0.0010738977053078,-4.4493896771516654,0.071387537526856,0.1368292531669375,-0.02875029316305,0.1123852957905989,36,0,0.10738977053078001,7.1387537526856,13.682925316693751,-2.875029316305,11.23852957905989
OPT-0035_LR_C0.10_th0.50_alpha_high30,LR_C0.10,0.5,alpha_high30,0.0010223396856666,-4.454545479115778,0.059561993198151,0.140286058736109,-0.02875029316305,0.1123852957905989,30,0,0.10223396856666,5.9561993198151,14.0286058736109,-2.875029316305,11.23852957905989
OPT-0026_LR_C0.10_th0.48_R6_default,LR_C0.10,0.48,R6_default,0.0012929338611045,-4.473758778747366,0.0715886387682535,0.174087546859815,-0.026987709139108,0.1150733341580484,53,0,0.12929338611045,7.15886387682535,17.4087546859815,-2.6987709139108,11.507333415804839
OPT-0081_LR_C1.00_th0.50_R6_default,LR_C1.00,0.5,R6_default,0.000963365370595,-4.691418756657294,0.062087140797256,0.1328064907228285,-0.0336161745155595,0.1121389313587764,36,0,0.0963365370595,6.2087140797256,13.280649072282849,-3.36161745155595,11.21389313587764
OPT-0030_LR_C0.10_th0.48_alpha_high30,LR_C0.10,0.48,alpha_high30,0.0012665682678848,-4.8992916190336135,0.0806622675750285,0.1683107127157625,-0.034375414305498,0.116143554610944,53,0,0.12665682678848,8.06622675750285,16.83107127157625,-3.4375414305498,11.6143554610944
OPT-0001_LR_C0.05_th0.48_R6_default,LR_C0.05,0.48,R6_default,0.0013106073623682,-4.908577416468042,0.0765326645060155,0.1827160365924885,-0.0358619323514095,0.1149308307026877,38,0,0.13106073623682,7.653266450601549,18.27160365924885,-3.58619323514095,11.493083070268769
OPT-0085_LR_C1.00_th0.50_alpha_high30,LR_C1.00,0.5,alpha_high30,0.0010135214987742,-4.9117914102007765,0.071387537526856,0.1368292531669375,-0.037877575410965,0.1123852957905989,36,0,0.10135214987742,7.1387537526856,13.682925316693751,-3.7877575410965,11.23852957905989
OPT-0028_LR_C0.10_th0.48_pure_defense_20,LR_C0.10,0.48,pure_defense_20,0.0007984691233754,-5.09160404767324,0.0591313228737085,0.111858904908021,-0.037800824036388,0.1156281951638276,38,0,0.07984691233754,5.91313228737085,11.1858904908021,-3.7800824036388,11.56281951638276
