year,symbol,dimension,regime_state,trades_count,win_rate_pct,net_pnl_usdt,total_fees_usdt,avg_holding_hours
2023,BTCUSDT,Dim1_Trend,SIDEWAYS,3,100.0,1.1426,0.1837,4.0
2023,BTCUSDT,Dim1_Trend,UPTREND,1,100.0,0.0235,0.06,4.0
2023,ETHUSDT,Dim1_Trend,DOWNTREND,2,50.0,0.0275,0.0404,4.0
2023,ETHUSDT,Dim1_Trend,SIDEWAYS,4,25.0,0.0965,0.2045,4.0
2023,SOLUSDT,Dim1_Trend,DOWNTREND,4,25.0,-0.0957,0.0815,15.25
2023,SOLUSDT,Dim1_Trend,SIDEWAYS,19,57.89,5.6945,0.9842,7.37
2023,SOLUSDT,Dim1_Trend,UPTREND,5,40.0,0.6384,0.3087,7.0
2024,BTCUSDT,Dim1_Trend,DOWNTREND,15,73.33,1.5389,0.3218,5.73
2024,BTCUSDT,Dim1_Trend,SIDEWAYS,5,40.0,-2.2903,0.1822,4.8
2024,BTCUSDT,Dim1_Trend,UPTREND,7,42.86,-0.4076,0.4468,4.0
2024,ETHUSDT,Dim1_Trend,DOWNTREND,16,68.75,0.6807,0.3569,4.75
2024,ETHUSDT,Dim1_Trend,SIDEWAYS,8,75.0,4.0372,0.3988,4.0
2024,ETHUSDT,Dim1_Trend,UPTREND,4,25.0,0.7346,0.2497,5.0
2024,SOLUSDT,Dim1_Trend,DOWNTREND,14,64.29,1.7961,0.4389,6.29
2024,SOLUSDT,Dim1_Trend,SIDEWAYS,17,64.71,8.898,0.9357,5.29
2024,SOLUSDT,Dim1_Trend,UPTREND,2,50.0,1.2666,0.1282,8.0
2025,BTCUSDT,Dim1_Trend,SIDEWAYS,9,55.56,-0.8516,0.4988,9.78
2025,BTCUSDT,Dim1_Trend,UPTREND,1,100.0,0.2148,0.0581,4.0
2025,ETHUSDT,Dim1_Trend,DOWNTREND,5,60.0,0.7719,0.2882,4.0
2025,ETHUSDT,Dim1_Trend,SIDEWAYS,29,44.83,-1.5149,1.668,4.48
2025,ETHUSDT,Dim1_Trend,UPTREND,8,37.5,-2.699,0.4651,8.38
2025,SOLUSDT,Dim1_Trend,DOWNTREND,1,100.0,0.9239,0.0553,55.0
2025,SOLUSDT,Dim1_Trend,SIDEWAYS,24,50.0,-0.7123,1.3894,5.08
2025,SOLUSDT,Dim1_Trend,UPTREND,5,40.0,-3.2845,0.2896,8.2
2023,BTCUSDT,Dim2_VolLevel,HIGH_VOL,4,100.0,1.1661,0.2437,4.0
2023,ETHUSDT,Dim2_VolLevel,HIGH_VOL,6,33.33,0.124,0.2448,4.0
2023,SOLUSDT,Dim2_VolLevel,HIGH_VOL,27,48.15,5.3801,1.3095,8.59
2023,SOLUSDT,Dim2_VolLevel,MED_VOL,1,100.0,0.8572,0.0648,4.0
2024,BTCUSDT,Dim2_VolLevel,HIGH_VOL,26,57.69,-1.6382,0.888,5.15
2024,BTCUSDT,Dim2_VolLevel,MED_VOL,1,100.0,0.4792,0.0628,4.0
2024,ETHUSDT,Dim2_VolLevel,HIGH_VOL,28,64.29,5.4526,1.0054,4.57
2024,SOLUSDT,Dim2_VolLevel,HIGH_VOL,33,63.64,11.9608,1.5028,5.88
2025,BTCUSDT,Dim2_VolLevel,HIGH_VOL,9,66.67,0.8639,0.4996,9.78
2025,BTCUSDT,Dim2_VolLevel,MED_VOL,1,0.0,-1.5006,0.0574,4.0
2025,ETHUSDT,Dim2_VolLevel,HIGH_VOL,39,46.15,-2.8189,2.248,5.26
2025,ETHUSDT,Dim2_VolLevel,MED_VOL,3,33.33,-0.623,0.1733,4.0
2025,SOLUSDT,Dim2_VolLevel,HIGH_VOL,24,50.0,-3.5228,1.3906,8.08
2025,SOLUSDT,Dim2_VolLevel,MED_VOL,6,50.0,0.4499,0.3436,4.0
2023,BTCUSDT,Dim3_VolDynamic,VOL_EXPANDING,4,100.0,1.1661,0.2437,4.0
2023,ETHUSDT,Dim3_VolDynamic,VOL_EXPANDING,6,33.33,0.124,0.2448,4.0
2023,SOLUSDT,Dim3_VolDynamic,VOL_CONTRACTING,7,57.14,0.9136,0.3593,9.57
2023,SOLUSDT,Dim3_VolDynamic,VOL_EXPANDING,21,47.62,5.3236,1.015,8.05
2024,BTCUSDT,Dim3_VolDynamic,VOL_CONTRACTING,1,100.0,0.4792,0.0628,4.0
2024,BTCUSDT,Dim3_VolDynamic,VOL_EXPANDING,26,57.69,-1.6382,0.888,5.15
2024,ETHUSDT,Dim3_VolDynamic,VOL_CONTRACTING,1,0.0,-0.7817,0.0581,4.0
2024,ETHUSDT,Dim3_VolDynamic,VOL_EXPANDING,27,66.67,6.2343,0.9473,4.59
2024,SOLUSDT,Dim3_VolDynamic,VOL_CONTRACTING,5,80.0,2.3253,0.2521,3.6
2024,SOLUSDT,Dim3_VolDynamic,VOL_EXPANDING,28,60.71,9.6355,1.2506,6.29
2025,BTCUSDT,Dim3_VolDynamic,VOL_CONTRACTING,1,100.0,1.805,0.0561,4.0
2025,BTCUSDT,Dim3_VolDynamic,VOL_EXPANDING,9,55.56,-2.4418,0.5008,9.78
2025,ETHUSDT,Dim3_VolDynamic,VOL_CONTRACTING,12,50.0,1.7726,0.6915,4.0
2025,ETHUSDT,Dim3_VolDynamic,VOL_EXPANDING,30,43.33,-5.2145,1.7298,5.63
2025,SOLUSDT,Dim3_VolDynamic,VOL_CONTRACTING,3,33.33,-0.3761,0.1744,6.67
2025,SOLUSDT,Dim3_VolDynamic,VOL_EXPANDING,27,51.85,-2.6968,1.5599,7.33
2023,BTCUSDT,Dim4_PriceStructure,NORMAL,1,100.0,0.0235,0.06,4.0
2023,BTCUSDT,Dim4_PriceStructure,PULLBACK,3,100.0,1.1426,0.1837,4.0
2023,ETHUSDT,Dim4_PriceStructure,NORMAL,5,20.0,-0.4059,0.1831,4.0
2023,ETHUSDT,Dim4_PriceStructure,PULLBACK,1,100.0,0.5299,0.0617,4.0
2023,SOLUSDT,Dim4_PriceStructure,NORMAL,12,33.33,-0.5838,0.4987,10.25
2023,SOLUSDT,Dim4_PriceStructure,PULLBACK,16,62.5,6.821,0.8757,7.06
2024,BTCUSDT,Dim4_PriceStructure,NORMAL,22,63.64,0.7664,0.691,5.18
2024,BTCUSDT,Dim4_PriceStructure,PULLBACK,5,40.0,-1.9255,0.2597,4.8
2024,ETHUSDT,Dim4_PriceStructure,BREAKOUT,2,50.0,1.7665,0.1322,6.0
2024,ETHUSDT,Dim4_PriceStructure,NORMAL,23,60.87,1.7008,0.6737,4.52
2024,ETHUSDT,Dim4_PriceStructure,PULLBACK,3,100.0,1.9853,0.1994,4.0
2024,SOLUSDT,Dim4_PriceStructure,NORMAL,22,59.09,3.611,0.8182,6.55
2024,SOLUSDT,Dim4_PriceStructure,PULLBACK,11,72.73,8.3498,0.6845,4.55
2025,BTCUSDT,Dim4_PriceStructure,NORMAL,3,66.67,1.397,0.1704,3.33
2025,BTCUSDT,Dim4_PriceStructure,PULLBACK,7,57.14,-2.0338,0.3866,11.71
2025,ETHUSDT,Dim4_PriceStructure,BREAKOUT,1,0.0,-2.9307,0.0561,15.0
2025,ETHUSDT,Dim4_PriceStructure,NORMAL,23,47.83,2.9283,1.3331,5.39
2025,ETHUSDT,Dim4_PriceStructure,PULLBACK,18,44.44,-3.4395,1.0321,4.33
2025,SOLUSDT,Dim4_PriceStructure,NORMAL,9,44.44,-3.2769,0.5121,12.0
2025,SOLUSDT,Dim4_PriceStructure,PULLBACK,21,52.38,0.2039,1.2222,5.24
