window,symbol,entry_time,exit_time,holding_hours,net_pnl,net_return,cost,outcome,exit_reason,variants,promoted_times,probability_at_entry,ret_4h,ret_12h,ret_24h,ret_72h,btc_ret_24h,btc_ret_72h,excess_ret_72h,excess_ret_24h,btc_dist_sma50,btc_dist_sma200,volatility_72h,btc_volatility_72h,atr_ratio_24h,vol_ratio_24h_72h,funding_rate,funding_zscore,weak_regime_hours_prior
R2025,SOLUSDT,2025-01-19 16:00:00+00:00,2025-01-19 22:00:00+00:00,6.0,-1.764316466133257,-0.0592476346689225,29.7786819,Loss,breakeven_exit,"['R8', 'R10']","['2025-01-19 16:00:00+00:00', '2025-01-19 20:00:00+00:00']",0.5942203911220778,-0.05470933482392404,0.058607198748043876,0.049776915615906914,0.29420768163772903,0.0035133752884219938,0.056801586607016175,0.23740609503071286,0.04626354032748492,0.006178509544276567,0.06551101847817398,0.02069674782065844,0.005215300441553667,0.039914258260034016,1.6801858679931811,9.252e-05,1.218718800795431,4
R2025,ETHUSDT,2025-02-06 16:00:00+00:00,2025-02-06 20:00:00+00:00,4.0,-0.2612460277775042,-0.0090196575794532,28.9640737995,Loss,strategy_exit,"['R8', 'R10']",['2025-02-06 16:00:00+00:00'],0.555060972500389,-0.03507589374875175,-0.03595950814006099,-0.024478449301594374,0.0017958174116532444,-0.007981859068386776,-0.015265878877400385,0.01706169628905363,-0.016496590233207598,-0.006542122243347381,-0.031689727758027586,0.01304626758665739,0.005874219672104826,0.015295606224689564,0.7050422206799662,-5.35e-06,-1.1967691590945664,48
R2025,ETHUSDT,2025-02-17 16:00:00+00:00,2025-02-17 20:00:00+00:00,4.0,-0.4834277868666469,-0.0166990477009472,28.9494224775,Loss,strategy_exit,"['R8', 'R10']",['2025-02-17 16:00:00+00:00'],0.5545061319956082,0.00018873403019736834,0.031378654730002786,0.022834236508054273,0.007822757311663153,-0.012914425306267963,-0.013050688273611999,0.020873445585275152,0.035748661814322236,-0.013307159784438749,-0.012615801500337698,0.005624853677776963,0.002810501227537733,0.010180340044223177,1.5758838104356439,5.61e-05,0.11089836082779925,20
R2025,ETHUSDT,2025-08-24 20:00:00+00:00,2025-08-25 00:00:00+00:00,4.0,-0.2780892841437597,-0.0094671784235789,29.3740406805,Loss,strategy_exit,"['R8', 'R10']",['2025-08-24 20:00:00+00:00'],0.6268111304935358,0.003067740375798156,0.011419085044234834,0.01142758675761657,0.1394237825809046,-0.02200837268533662,0.0036213260083830523,0.13580245657252155,0.03343595944295319,-0.023756712210144082,-0.022115827150477108,0.011171909007187899,0.0046165509782389305,0.008932677337677067,0.7925161987256005,0.0001,0.8413639273426307,4
R2025,SOLUSDT,2025-08-25 08:00:00+00:00,2025-08-25 12:00:00+00:00,4.0,-0.4185928933735428,-0.0142442702037269,29.386756035,Loss,strategy_exit,"['R8', 'R10']",['2025-08-25 08:00:00+00:00'],0.5096894177664779,-0.04502007264385399,-0.02531583825179262,-0.03309784186586662,0.08609631481682789,-0.0293906623474528,-0.013999578937427981,0.10009589375425587,-0.0037071795184138168,-0.025645268221196504,-0.02911043473121333,0.012227888789125577,0.004803758768698176,0.018800253561538718,1.1549669724931304,0.0001,0.8383786368684345,16
R2025,SOLUSDT,2025-10-14 08:00:00+00:00,2025-10-14 12:00:00+00:00,4.0,0.0406412214561524,0.0013926055401505,29.1835845,Win,strategy_exit,"['R8', 'R10']",['2025-10-14 08:00:00+00:00'],0.5051616063087,-0.05464002722278938,-0.06098503138580391,-0.01188963975407753,0.06413132694938439,-0.03184809800582611,0.012137561567685973,0.05199376538169842,0.01995845825174858,-0.020221831928727507,-0.05790888593796595,0.011829015178063493,0.0042112956633304855,0.01816261291373133,1.1480578429478336,6.21e-06,0.2518362652657944,4
R2025,ETHUSDT,2025-10-14 08:00:00+00:00,2025-10-14 12:00:00+00:00,4.0,-0.1861420345103961,-0.0064016451749761,29.0772183435,Loss,strategy_exit,['R10'],['2025-10-14 08:00:00+00:00'],0.5073705118421389,-0.04149934032492619,-0.06368121995503251,-0.04717468827034921,0.059162341272902985,-0.03184809800582611,0.012137561567685973,0.04702477970521701,-0.015326590264523099,-0.020221831928727507,-0.05790888593796595,0.009527245977067927,0.0042112956633304855,0.014233390853823429,1.009559667732396,5.602e-05,0.5844416175608855,4
R2025,ETHUSDT,2025-10-14 20:00:00+00:00,2025-10-15 00:00:00+00:00,4.0,0.0748419943230613,0.0025678675960717,29.145581508,Win,strategy_exit,['R10'],['2025-10-14 20:00:00+00:00'],0.5068594403451698,0.004293337249718476,0.03058130860370878,-0.03504736639102923,0.09103044452894604,-0.027455410887236242,0.012910701736696728,0.07811974279224931,-0.007591955503792991,-0.011627259340496798,-0.04460687283195364,0.009856703226553964,0.0045196132581864085,0.015838134768401842,1.1796927781716684,2.693e-05,0.0007619960553015571,16
W1,SOLUSDT,2023-07-01 04:00:00+00:00,2023-07-01 08:00:00+00:00,4.0,0.126715742906889,0.0040881307576031,30.99601026,Win,strategy_exit,"['R8', 'R10']",['2023-07-01 04:00:00+00:00'],0.5196262271953273,-0.02969247083775184,0.001094091903719896,-0.03430079155672816,0.11653447223917013,-0.011287670698210017,-0.0017975388101238998,0.11833201104929403,-0.023013120858518143,-0.003036137360125979,-0.001794587076785148,0.015265646421223312,0.0046320036995774975,0.02759562841530054,1.2694078776372741,0.0001,0.8960629567133235,8
W1,SOLUSDT,2023-07-01 12:00:00+00:00,2023-07-01 16:00:00+00:00,4.0,0.0756993254631259,0.0024396750103591,31.02844647,Win,strategy_exit,"['R8', 'R10']",['2023-07-01 12:00:00+00:00'],0.5019831885943113,-0.006504065040650486,-0.028101802757158012,-0.029131355932203395,0.13078346699568155,-0.01251989242319873,0.0070037904068955825,0.12377967658878597,-0.016611463509004665,7.329431882530102e-05,0.0017102641714301647,0.015407807881667774,0.0044722425501705805,0.025800145480996545,1.1658402463306696,0.0001,0.8960629567133235,16
W1,SOLUSDT,2023-11-12 00:00:00+00:00,2023-11-12 08:00:00+00:00,8.0,2.4631830475119956,0.0807442015704514,30.50600538,Win,strategy_exit,"['R8', 'R10']","['2023-11-12 00:00:00+00:00', '2023-11-12 04:00:00+00:00']",0.5216361108030612,-0.06922187345118125,0.01972850678733029,-0.0058231868713605195,0.306283329469047,-0.004601139414014854,0.04225380578429805,0.26402952368474897,-0.0012220474573456652,0.0036450289880689546,0.04048967198195985,0.020970626602936995,0.005694852200388745,0.037273695420660294,1.0079475977869155,0.00030654,2.082277306712418,20
W1,SOLUSDT,2023-11-13 00:00:00+00:00,2023-11-13 08:00:00+00:00,8.0,0.990593393239932,0.0317608161804931,31.18916679,Win,strategy_exit,"['R8', 'R10']","['2023-11-13 00:00:00+00:00', '2023-11-13 04:00:00+00:00']",0.5100124033884976,0.004461895413171435,-0.06153076538269131,-0.0010649627263046302,0.2426584234930449,-0.0017740371667116506,0.009891804303360008,0.2327666191896849,0.0007090744404070204,-0.0005193053074794562,0.030372820599479988,0.020339836394473083,0.002945128955592447,0.0324345534233594,0.7933374696830333,0.00016254,0.8178510731464437,44
W1,SOLUSDT,2023-12-26 20:00:00+00:00,2023-12-27 00:00:00+00:00,4.0,1.649790119274067,0.0522297942329959,31.58714568,Win,strategy_exit,"['R8', 'R10']",['2023-12-26 20:00:00+00:00'],0.5297124232704702,-0.034928965704461135,-0.059523809523809534,-0.12048490846115778,0.036644634525661024,-0.031401116753020486,-0.03648880955687839,0.07313344408253941,-0.0890837917081373,-0.023269764100583012,-0.026742646120539337,0.018292351678075105,0.0035255632507235853,0.03289185810282856,1.034505723027901,0.00014423,-0.2268160287430198,136
W2,ETHUSDT,2024-01-12 16:00:00+00:00,2024-01-12 20:00:00+00:00,4.0,-0.7858333335494131,-0.0264934251280277,29.661447312,Loss,strategy_exit,"['R8', 'R10']",['2024-01-12 16:00:00+00:00'],0.5197396448079987,-0.00021529013178023249,0.022090423621810018,0.012945863102185484,0.17271108196953722,-0.049627670102757815,-0.0513372744654198,0.22404835643495702,0.0625735332049433,-0.038940550019676556,-0.012691115406487707,0.01076684805857756,0.009777286331889592,0.012322032574996275,0.8008039896358197,0.0001,-0.7569908664065053,24
W2,SOLUSDT,2024-03-01 08:00:00+00:00,2024-03-01 12:00:00+00:00,4.0,0.7033922934842605,0.0232738006526784,30.222493695,Win,strategy_exit,"['R8', 'R10']",['2024-03-01 08:00:00+00:00'],0.537452833625897,-0.015081379722263755,0.013288270988555118,0.051239142561160245,0.19481930984512275,-0.020303419848160864,0.09587956134849152,0.09893974849663123,0.07154256240932111,0.0019976768019875912,0.12195233834917962,0.016748671844465858,0.008091651204403723,0.031155245603395977,1.1456856758144658,0.00060436,1.8424271655588724,4
W2,SOLUSDT,2024-03-01 16:00:00+00:00,2024-03-02 04:00:00+00:00,12.0,-0.349433958560519,-0.0114760492589831,30.44897688,Loss,strategy_exit,"['R8', 'R10']","['2024-03-01 16:00:00+00:00', '2024-03-01 20:00:00+00:00', '2024-03-02 00:00:00+00:00']",0.5458712268441598,-0.030952205067592553,-0.020606241600716668,-0.008615477629987822,0.22816215710139498,-0.023961724457773226,0.07962423910480543,0.14853791799658955,0.015346246827785404,-0.008409326055538235,0.11038496535031594,0.016657536514054258,0.008272288188184854,0.027678253798851447,0.8757397538553355,0.00061591,1.8407495679012977,12
W2,SOLUSDT,2024-03-15 12:00:00+00:00,2024-03-15 16:00:00+00:00,4.0,2.0802302849032714,0.0672007333406106,30.95547,Win,strategy_exit,"['R8', 'R10']",['2024-03-15 12:00:00+00:00'],0.5376586874916875,-0.034474924745839686,-0.037645060854797685,-0.017851984516725428,0.12994350282485878,-0.07033422973492132,-0.05923123766553917,0.18917474049039795,0.05248224521819589,-0.05234642990693261,-0.031025880950220963,0.01616501182755397,0.008218674268530868,0.038257352941176465,1.5114191325323225,0.00034279,-0.5445923956810236,12
W2,SOLUSDT,2024-03-16 00:00:00+00:00,2024-03-16 04:00:00+00:00,4.0,0.538309977998669,0.017005409632291,31.6552197,Win,strategy_exit,"['R8', 'R10']",['2024-03-16 00:00:00+00:00'],0.5127898203850599,0.0034366135718961743,0.08205882352941174,0.041324653269176226,0.2178086726249584,-0.026461942143979122,-0.02732127479688795,0.24512994742184635,0.06778659541315535,-0.013728794257660493,-0.007835593200597124,0.01813530667107088,0.00932280488551421,0.03661094500317115,1.476112412921175,0.0002746,-0.8299699675301548,24
W2,SOLUSDT,2024-03-16 20:00:00+00:00,2024-03-16 22:00:00+00:00,2.0,-0.0377372489008591,-0.00118335321483,31.89009708,Loss,breakeven_exit,"['R8', 'R10']",['2024-03-16 20:00:00+00:00'],0.5335359974674527,-0.07689153167931106,-0.06665284544417949,-0.017674012655465754,0.1154608523290388,-0.029761614755524524,-0.087768053220456,0.2032289055494948,0.01208760210005877,-0.027526459821122784,-0.046479221537042426,0.019536834981732653,0.009312022049639759,0.029158337035391668,0.9423679718252355,0.00015327,-1.3519069078904167,44
