dimension,category,trade_count,p10_hours,p25_hours,median_hours,p75_hours,p90_hours,mean_hours,win_rate_pct,total_net_pnl_usdt,mean_net_pnl_usdt
OVERALL_PERCENTILES,ALL_TRADES,208,4.0,4.0,4.0,4.0,10.0,6.07,55.29,16.6301,0.08
DURATION_BUCKET,<4h,7,2.0,2.0,2.0,2.0,2.4000000000000004,2.14,28.57,-2.0959,-0.2994
DURATION_BUCKET,==4h,153,4.0,4.0,4.0,4.0,4.0,4.0,63.4,32.733,0.2139
DURATION_BUCKET,>4h,48,8.0,8.0,8.5,12.0,21.200000000000017,13.25,33.33,-14.007,-0.2918
FOLD_W1,<4h,2,2.1,2.25,2.5,2.75,2.9,2.5,0.0,-0.8439,-0.4219
FOLD_W1,==4h,21,4.0,4.0,4.0,4.0,4.0,4.0,66.67,6.0285,0.2871
FOLD_W1,>4h,15,8.0,8.0,9.0,12.0,18.4,12.47,40.0,2.3427,0.1562
FOLD_W2,<4h,3,2.0,2.0,2.0,2.0,2.0,2.0,66.67,-0.1515,-0.0505
FOLD_W2,==4h,66,4.0,4.0,4.0,4.0,4.0,4.0,71.21,22.0222,0.3337
FOLD_W2,>4h,19,8.0,8.0,8.0,12.0,12.399999999999999,10.0,31.58,-5.6164,-0.2956
FOLD_R2025,<4h,2,2.0,2.0,2.0,2.0,2.0,2.0,0.0,-1.1005,-0.5503
FOLD_R2025,==4h,66,4.0,4.0,4.0,4.0,4.0,4.0,54.55,4.6823,0.0709
FOLD_R2025,>4h,14,6.6,8.0,11.5,19.0,46.90000000000003,18.5,28.57,-10.7333,-0.7667
