trade_id,fold,symbol,mismatch_type,entry_time,exit_time,duration_hours,exit_reason,entry_probability,actual_4h_net_return_pct,actual_execution_net_pnl_usdt,root_cause_explanation
W1_SOLUSDT_202303210000,W1,SOLUSDT,MISMATCH_4H_POS_TRADE_LOST,2023-03-21 00:00:00+00:00,2023-03-21 03:00:00+00:00,3.0,breakeven_exit,0.48107177959210184,1.142,-0.1224,C2 保本机制在盘中浮盈达到 1.2% 后回撤至 +0.25% 被动出场，扣除双边手续费与滑点后产生微小净亏损
W1_SOLUSDT_202311170000,W1,SOLUSDT,MISMATCH_4H_POS_TRADE_LOST,2023-11-17 00:00:00+00:00,2023-11-17 10:00:00+00:00,10.0,breakeven_exit,0.4852068301712422,1.6664,-0.1509,C2 保本机制在盘中浮盈达到 1.2% 后回撤至 +0.25% 被动出场，扣除双边手续费与滑点后产生微小净亏损
W1_SOLUSDT_202312271600,W1,SOLUSDT,MISMATCH_4H_POS_TRADE_LOST,2023-12-27 16:00:00+00:00,2023-12-27 23:00:00+00:00,7.0,breakeven_exit,0.5289909024698917,0.8473,-0.0891,C2 保本机制在盘中浮盈达到 1.2% 后回撤至 +0.25% 被动出场，扣除双边手续费与滑点后产生微小净亏损
W1_SOLUSDT_202312280400,W1,SOLUSDT,MISMATCH_4H_POS_TRADE_LOST,2023-12-28 04:00:00+00:00,2023-12-29 00:00:00+00:00,20.0,strategy_exit,0.5211263068234194,0.9691,-1.0528,真实持仓时长达 20h（>4h），模型后续预测维持导致未在 4h 处止盈，后续行情逆转转亏
W2_BTCUSDT_202403200000,W2,BTCUSDT,MISMATCH_4H_NEG_TRADE_WON,2024-03-20 00:00:00+00:00,2024-03-20 02:00:00+00:00,2.0,breakeven_exit,0.4920928222485899,-0.4229,0.0427,盘中急速冲高触发保本止盈，在 4h 价格回落前提前锁定微利
W2_BTCUSDT_202408050400,W2,BTCUSDT,MISMATCH_4H_NEG_TRADE_WON,2024-08-05 04:00:00+00:00,2024-08-06 04:00:00+00:00,24.0,strategy_exit,0.5036350708543769,-2.5505,0.3221,虽然前 4h 收益为负，但策略因高预测展期持仓至 24h，捕获了后续大波段顺势涨幅
W2_ETHUSDT_202401111600,W2,ETHUSDT,MISMATCH_4H_POS_TRADE_LOST,2024-01-11 16:00:00+00:00,2024-01-11 20:00:00+00:00,4.0,strategy_exit,0.5645122022277259,0.0391,-0.2501,真实滑点与手续费摩擦侵蚀微利
W2_ETHUSDT_202403200000,W2,ETHUSDT,MISMATCH_4H_NEG_TRADE_WON,2024-03-20 00:00:00+00:00,2024-03-20 02:00:00+00:00,2.0,breakeven_exit,0.546422252863769,-0.2248,0.0253,盘中急速冲高触发保本止盈，在 4h 价格回落前提前锁定微利
W2_ETHUSDT_202408050400,W2,ETHUSDT,MISMATCH_4H_POS_TRADE_LOST,2024-08-05 04:00:00+00:00,2024-08-05 10:00:00+00:00,6.0,breakeven_exit,0.724808923060024,1.6325,-0.2413,C2 保本机制在盘中浮盈达到 1.2% 后回撤至 +0.25% 被动出场，扣除双边手续费与滑点后产生微小净亏损
W2_ETHUSDT_202408051600,W2,ETHUSDT,MISMATCH_4H_NEG_TRADE_WON,2024-08-05 16:00:00+00:00,2024-08-06 04:00:00+00:00,12.0,strategy_exit,0.583231660277776,-2.1673,0.155,虽然前 4h 收益为负，但策略因高预测展期持仓至 12h，捕获了后续大波段顺势涨幅
W2_SOLUSDT_202403010800,W2,SOLUSDT,MISMATCH_4H_POS_TRADE_LOST,2024-03-01 08:00:00+00:00,2024-03-01 16:00:00+00:00,8.0,breakeven_exit,0.5338314471589078,2.3155,-0.2564,C2 保本机制在盘中浮盈达到 1.2% 后回撤至 +0.25% 被动出场，扣除双边手续费与滑点后产生微小净亏损
W2_SOLUSDT_202403162000,W2,SOLUSDT,MISMATCH_4H_POS_TRADE_LOST,2024-03-16 20:00:00+00:00,2024-03-16 22:00:00+00:00,2.0,breakeven_exit,0.5313134693277142,0.791,-0.2195,C2 保本机制在盘中浮盈达到 1.2% 后回撤至 +0.25% 被动出场，扣除双边手续费与滑点后产生微小净亏损
W2_SOLUSDT_202411121200,W2,SOLUSDT,MISMATCH_4H_NEG_TRADE_WON,2024-11-12 12:00:00+00:00,2024-11-12 20:00:00+00:00,8.0,strategy_exit,0.4968772888545689,-0.5736,0.2375,虽然前 4h 收益为负，但策略因高预测展期持仓至 8h，捕获了后续大波段顺势涨幅
R2025_ETHUSDT_202503032000,R2025,ETHUSDT,MISMATCH_4H_POS_TRADE_LOST,2025-03-03 20:00:00+00:00,2025-03-04 02:00:00+00:00,6.0,breakeven_exit,0.7844953199544524,1.5504,-0.7752,C2 保本机制在盘中浮盈达到 1.2% 后回撤至 +0.25% 被动出场，扣除双边手续费与滑点后产生微小净亏损
R2025_ETHUSDT_202505091200,R2025,ETHUSDT,MISMATCH_4H_NEG_TRADE_WON,2025-05-09 12:00:00+00:00,2025-05-10 16:00:00+00:00,28.0,strategy_exit,0.4986789143693175,-2.4202,0.8924,虽然前 4h 收益为负，但策略因高预测展期持仓至 28h，捕获了后续大波段顺势涨幅
R2025_SOLUSDT_202501210400,R2025,SOLUSDT,MISMATCH_4H_NEG_TRADE_WON,2025-01-21 04:00:00+00:00,2025-01-21 16:00:00+00:00,12.0,strategy_exit,0.5426607135294444,-0.7356,0.2845,虽然前 4h 收益为负，但策略因高预测展期持仓至 12h，捕获了后续大波段顺势涨幅
R2025_SOLUSDT_202503040400,R2025,SOLUSDT,MISMATCH_4H_NEG_TRADE_WON,2025-03-04 04:00:00+00:00,2025-03-06 11:00:00+00:00,55.0,strategy_exit,0.6067365299808968,-0.5701,0.9239,虽然前 4h 收益为负，但策略因高预测展期持仓至 55h，捕获了后续大波段顺势涨幅
