group_type,group_key,fold,symbol,decisions_count,roc_auc,log_loss,brier_score,precision_th048,recall_th048,executed_trades,win_rate_pct,total_net_pnl_usdt,total_fees_usdt,mean_duration_hours,pnl_exact_4h_usdt,pnl_over_4h_usdt,pnl_under_4h_usdt,mismatch_trades_count,mismatch_rate_pct
YEAR,2023,W1,ALL,6012,0.5923,0.6207,0.215,0.6087,0.0214,38,52.63,7.5273,1.863,7.26,6.0285,2.3427,-0.8439,4,10.53
YEAR,2024,W2,ALL,6588,0.5814,0.6612,0.2343,0.6016,0.0302,88,62.5,16.2543,3.4588,5.23,22.0222,-5.6164,-0.1515,9,10.23
YEAR,2025,R2025,ALL,6567,0.5647,0.6535,0.2306,0.4297,0.0469,82,48.78,-7.1515,4.7123,6.43,4.6823,-10.7333,-1.1005,4,4.88
SYMBOL,BTCUSDT,ALL,BTCUSDT,6389,0.5848,0.6167,0.2131,0.5333,0.0198,41,63.41,-0.6298,1.7515,6.0,2.4069,-2.4566,-0.5801,2,4.88
SYMBOL,ETHUSDT,ALL,ETHUSDT,6389,0.5598,0.6423,0.2251,0.4767,0.0368,76,51.32,2.1349,3.6713,4.86,7.4966,-5.387,0.0253,6,7.89
SYMBOL,SOLUSDT,ALL,SOLUSDT,6389,0.5341,0.6786,0.2427,0.5164,0.0412,91,54.95,15.125,4.6113,7.12,22.8295,-6.1634,-1.5411,9,9.89
YEAR_SYMBOL,2023_BTCUSDT,W1,BTCUSDT,2004,0.5807,0.5842,0.1978,1.0,0.009,4,100.0,1.1661,0.2438,4.0,1.1661,0.0,0.0,0,0.0
YEAR_SYMBOL,2023_ETHUSDT,W1,ETHUSDT,2004,0.564,0.601,0.2053,0.25,0.0035,6,33.33,0.1241,0.2448,4.0,0.1241,0.0,0.0,0,0.0
YEAR_SYMBOL,2023_SOLUSDT,W1,SOLUSDT,2004,0.5396,0.6769,0.2418,0.625,0.0421,28,50.0,6.2371,1.3744,8.43,4.7383,2.3427,-0.8439,4,14.29
YEAR_SYMBOL,2024_BTCUSDT,W2,BTCUSDT,2196,0.5836,0.6469,0.2272,0.5405,0.0258,27,59.26,-1.1591,0.9508,5.11,-0.0134,-1.1884,0.0427,2,7.41
YEAR_SYMBOL,2024_ETHUSDT,W2,ETHUSDT,2196,0.5855,0.6532,0.2304,0.6571,0.0281,28,64.29,5.4527,1.0053,4.57,6.2596,-0.8322,0.0253,4,14.29
YEAR_SYMBOL,2024_SOLUSDT,W2,SOLUSDT,2196,0.5401,0.6836,0.2452,0.6071,0.0355,33,63.64,11.9607,1.5027,5.88,15.776,-3.5958,-0.2195,3,9.09
YEAR_SYMBOL,2025_BTCUSDT,R2025,BTCUSDT,2189,0.5812,0.6163,0.2129,0.4545,0.0218,10,60.0,-0.6368,0.5569,9.2,1.2542,-1.2682,-0.6228,0,0.0
YEAR_SYMBOL,2025_ETHUSDT,R2025,ETHUSDT,2189,0.54,0.6692,0.238,0.4419,0.0678,42,45.24,-3.4419,2.4212,5.17,1.1129,-4.5548,0.0,2,4.76
YEAR_SYMBOL,2025_SOLUSDT,R2025,SOLUSDT,2189,0.5242,0.6751,0.241,0.4059,0.0467,30,50.0,-3.0728,1.7342,7.27,2.3152,-4.9103,-0.4777,2,6.67
