candidate_id,lane,group,description,rank_metric,k,ret_2023_pct,ret_2024_pct,ret_2025_pct,g_week_pct,delta_vs_opt0026_bps,worst_mdd_pct,mdd_2023_pct,mdd_2024_pct,mdd_2025_pct,closed_cycles,buy_entries,wins,losses,win_rate_pct,avg_holding_hours,turnover_usdt,total_fees_usdt,avg_exposure_pct,cash_ratio_pct,btc_pnl_usdt,eth_pnl_usdt,sol_pnl_usdt,multi_signal_timestamps_count,effective_pruning_events_count,btc_selected_count,eth_selected_count,sol_selected_count,btc_pruned_count,eth_pruned_count,sol_pruned_count
Control_OPT0026,Lane_A,Control,"Baseline OPT-0026 (No Top-K, all qualified signals trade)",none,3,7.15886387682535,17.4087546859815,-2.6987709139108,0.12929338611045732,0.0,11.507333415804847,4.667707873836642,4.17910537304477,11.507333415804847,225,225,129,104,57.333333333333336,5.632483868332925,10685.3601289287,10.6853601289287,1.6949265602651244,98.30507343973487,-0.5122741229397001,3.749412931296,11.360155941915,104,0,77,178,231,0,0,0
B_Top2_Prob,Lane_A,Probability,Top-2 by Model Probability P,prob,2,7.15886387682535,14.73086192870465,-2.84079458993275,0.11360300907902711,-1.5690377031430227,10.526107423959912,4.667707873836642,3.75090982774621,10.526107423959912,215,215,119,103,55.348837209302324,5.532185584947864,10194.81312040675,10.194813120406751,1.6432785360525166,98.35672146394748,-1.5654864319477502,4.450836955251,9.18660945504,104,33,64,174,215,13,4,16
H_Top2_Combined,Lane_A,Combined_Rank,Top-2 by Combined Rank: Rank(P) + Rank(R72),combined,2,7.15886387682535,14.024135186112648,-2.39362243385775,0.11258810901604083,-1.6705277094416506,10.445367530176343,4.667707873836642,3.75090982774621,10.445367530176343,213,213,117,104,54.929577464788736,5.569619270306583,10145.18593176015,10.14518593176015,1.6496846950531594,98.35031530494685,-0.42261664384514996,4.152070560885,8.071840130550001,104,33,68,168,217,9,10,14
F_Top2_Mom24h,Lane_A,Momentum,Top-2 by 24h Momentum (return_24h),mom24,2,7.15886387682535,14.028640370016399,-2.5016796067633003,0.11190501139770692,-1.7388374712750407,9.049756479761005,4.667707873836642,3.8620355980870964,9.049756479761005,218,218,117,107,53.669724770642205,5.544987051424343,10372.2678779896,10.3722678779896,1.6378734335124,98.3621265664876,-1.6168770511236,1.6113879873240007,11.67710123931,104,33,76,170,207,1,8,24
D_Top2_RS72h,Lane_A,Relative_Strength,Top-2 by 72h Relative Strength (return_72h),rs72,2,7.15886387682535,12.947512546696649,-3.4463171377888,0.09958748409288239,-2.9705902017574943,11.091877301947502,4.667707873836642,3.976320028034286,11.091877301947502,211,211,120,99,56.872037914691944,5.652872944277557,10040.8273108418,10.0408273108418,1.664039540857902,98.3359604591421,-0.6100478082108001,2.382238660014,8.177678329155,104,33,77,156,220,0,22,11
G_Top1_Combined,Lane_A,Combined_Rank,Top-1 by Combined Rank: Rank(P) + Rank(R72),combined,1,6.787571083303851,8.6249360606838,-2.4559122769306,0.07894415478111541,-5.034923132934193,8.121937843496946,4.331571691599107,4.051165976139028,8.121937843496946,171,171,93,84,54.385964912280706,5.546845821661997,8307.2772369475,8.307277236947499,1.492210794516976,98.50778920548302,-1.0130460280965,-0.6953655878010003,8.61999591735,104,104,45,134,170,32,44,61
A_Top1_Prob,Lane_A,Probability,Top-1 by Model Probability P,prob,1,6.787571083303851,8.51694221822145,-2.51816093347825,0.07790017322402155,-5.139321288643577,8.121937843496946,4.331571691599107,4.051165976139028,8.121937843496946,171,171,93,84,54.385964912280706,5.570655345471522,8309.78893377225,8.30978893377225,1.4955617970000379,98.50443820299996,-1.39691505921375,-0.48788065201349995,8.617963011105001,104,104,40,139,170,37,39,61
C_Top1_RS72h,Lane_A,Relative_Strength,Top-1 by 72h Relative Strength (return_72h),rs72,1,6.787571083303851,7.879351252747401,-2.2470613068113,0.0759084121182128,-5.338497399224454,9.299197207336753,4.331571691599107,4.209151673437703,9.299197207336753,157,157,88,75,56.05095541401274,5.887409051670983,7668.1241341398,7.6681241341398,1.5003898829113427,98.49961011708865,0.6341284099526999,-0.1371908931375001,6.211392129345,104,104,62,103,184,15,75,47
E_Top1_Mom24h,Lane_A,Momentum,Top-1 by 24h Momentum (return_24h),mom24,1,6.787571083303851,8.968263422837449,-3.2368813636281004,0.07582265305924903,-5.34707330512083,9.087393877229868,4.331571691599107,4.204808278139431,9.087393877229868,168,168,93,81,55.35714285714286,5.737160983650547,8216.440255794201,8.2164402557942,1.4815437070676385,98.51845629293236,-2.5884791678472,1.0931269005779998,7.941498790875,104,104,61,114,174,16,64,57
