fold,model_name,family,symbol,sample_count,base_rate,roc_auc,pr_auc,log_loss,brier_score,precision_at_048,recall_at_048,pos_pred_rate_at_048,prob_min,prob_q25,prob_median,prob_q75,prob_max
W1,LR_C0.10,logistic_regression,BTCUSDT,2004,0.2779441117764471,0.5790597521771659,0.3445085315947349,0.5842941153805653,0.19788049516675132,1.0,0.008976660682226212,0.00249500998003992,0.16250575144476456,0.2597075883312945,0.2789013895822253,0.3048927631185414,0.7029539643129471
W1,LR_C0.10,logistic_regression,ETHUSDT,2004,0.28542914171656686,0.5615977946634372,0.32581212971920315,0.6011067642432669,0.20536191096222323,0.25,0.005244755244755245,0.005988023952095809,0.27732227215418287,0.31395801784844046,0.3290248509202864,0.35019071406950303,0.5885021252842508
W1,LR_C0.10,logistic_regression,SOLUSDT,2004,0.4151696606786427,0.5383723172092413,0.4668173629084516,0.6770290677793918,0.24185213936831568,0.6142857142857143,0.051682692307692304,0.03493013972055888,0.04691422803152976,0.38764355232052644,0.40861743306922005,0.42860597150364066,0.5907652516277361
W2,LR_C0.10,logistic_regression,BTCUSDT,2196,0.3533697632058288,0.583467039349499,0.4281315149046692,0.6469312377191933,0.22725238403620096,0.5405405405405406,0.02577319587628866,0.016848816029143898,0.2091363187795287,0.26504628245145967,0.2883482638471273,0.31927078963634803,0.8950096091664392
W2,LR_C0.10,logistic_regression,ETHUSDT,2196,0.37249544626593806,0.5853660916746215,0.461174417531113,0.6530994646058863,0.23036482275370035,0.6571428571428571,0.028117359413202935,0.015938069216757743,0.2215314527281537,0.2969523533316692,0.31900879343268834,0.3523228523321318,0.852164351097912
W2,LR_C0.10,logistic_regression,SOLUSDT,2196,0.43624772313296906,0.5394652969129953,0.48090378037865844,0.6837064115582951,0.24527787886904093,0.603448275862069,0.03653444676409186,0.026411657559198543,0.272797711599591,0.3893595302246965,0.40748665313088717,0.4276057001349049,0.5713929272942043
R2025,LR_C0.10,logistic_regression,BTCUSDT,2189,0.3147555961626313,0.5812646347363328,0.38164582327311763,0.6163112347891351,0.21288802581761776,0.45714285714285713,0.023222060957910014,0.015989036089538604,0.21867552431718448,0.2645725936486361,0.2845759074726326,0.31406287407121414,0.6926996396019016
R2025,LR_C0.10,logistic_regression,ETHUSDT,2189,0.3841936957514847,0.5394507033805311,0.41755141475038265,0.6693857023509538,0.23802133575029907,0.44274809160305345,0.06896551724137931,0.059844677935130194,0.23654590388682453,0.31101212327492944,0.34130176482884117,0.3836508836287843,0.8289241203697181
R2025,LR_C0.10,logistic_regression,SOLUSDT,2189,0.4010963910461398,0.5243984230160427,0.4152764481327538,0.6750804094495645,0.2410056137324275,0.4174757281553398,0.0489749430523918,0.047053449063499314,0.2528227219697557,0.3924587428584621,0.4092044264150038,0.4305973829416028,0.6994862098617725
W1,LR_C0.50,logistic_regression,BTCUSDT,2004,0.2779441117764471,0.576163895089078,0.34250408473887217,0.5845649388365008,0.19799863673108767,1.0,0.008976660682226212,0.00249500998003992,0.16236321083664612,0.2584882209370628,0.2784706561215617,0.30514037579201053,0.7028828825088969
W1,LR_C0.50,logistic_regression,ETHUSDT,2004,0.28542914171656686,0.5586470094151659,0.32382773939688375,0.6014014116900755,0.20550406975889085,0.23076923076923078,0.005244755244755245,0.006487025948103792,0.27207865528938124,0.3134830058022641,0.3285168320362952,0.3504298499197475,0.5858272030832113
W1,LR_C0.50,logistic_regression,SOLUSDT,2004,0.4151696606786427,0.5361715263192439,0.46436316297562436,0.677223150645108,0.24193253473858845,0.5544554455445545,0.0673076923076923,0.05039920159680639,0.04872338369732022,0.3864369661546562,0.4083476630922369,0.43023353859515007,0.6192138788061807
W2,LR_C0.50,logistic_regression,BTCUSDT,2196,0.3533697632058288,0.583570495135763,0.42805458832270993,0.6468811040159094,0.22723095931686502,0.5128205128205128,0.02577319587628866,0.017759562841530054,0.208387104749701,0.2647109747713853,0.2882856486060116,0.3199492731028969,0.8985358751635182
W2,LR_C0.50,logistic_regression,ETHUSDT,2196,0.37249544626593806,0.58523568049794,0.46119805507295203,0.6530199243425493,0.2303253496352435,0.6486486486486487,0.029339853300733496,0.016848816029143898,0.2205108474951479,0.2968117180249976,0.31887243927290676,0.3529949442681977,0.8497858677777169
W2,LR_C0.50,logistic_regression,SOLUSDT,2196,0.43624772313296906,0.5386153840965123,0.4790937397389588,0.6838249854872848,0.24533583190989552,0.6,0.037578288100208766,0.0273224043715847,0.2743634465648494,0.38863857628127796,0.40720232141414525,0.4276723601035343,0.5697108736025845
R2025,LR_C0.50,logistic_regression,BTCUSDT,2189,0.3147555961626313,0.5813313981615869,0.3815417491303944,0.6163272616137002,0.2128974140754249,0.4722222222222222,0.02467343976777939,0.01644586569209685,0.2182099411099944,0.2641294985002266,0.2843947297516411,0.313940247538257,0.6968312170228852
R2025,LR_C0.50,logistic_regression,ETHUSDT,2189,0.3841936957514847,0.5388323565629444,0.4170886169342698,0.6695369515789426,0.23808532750842545,0.42748091603053434,0.06658739595719382,0.059844677935130194,0.23483874151406742,0.31069167142618875,0.34123915930329873,0.38442936045811305,0.8304894857845131
R2025,LR_C0.50,logistic_regression,SOLUSDT,2189,0.4010963910461398,0.5248884070133738,0.415557068103375,0.6750802613677973,0.2410057560689113,0.41904761904761906,0.05011389521640091,0.047967108268615805,0.2551265359356689,0.3923308535504595,0.40914912133761716,0.4306173951741233,0.7030966366630129
W1,LGB_shallow,lightgbm,BTCUSDT,2004,0.2779441117764471,0.6283501183033304,0.3715910437300134,0.5723549617900027,0.1934187912995803,0.42857142857142855,0.005385996409335727,0.003493013972055888,0.10804532893440659,0.20474618355385737,0.26048108240109547,0.3175903853191396,0.5064423138527329
W1,LGB_shallow,lightgbm,ETHUSDT,2004,0.28542914171656686,0.5841651365394382,0.34476888583843424,0.5908286030252433,0.2011121676286564,0.4,0.024475524475524476,0.01746506986027944,0.168870435722492,0.2617615206079173,0.30047140066260003,0.34077694745934106,0.5323337946759852
W1,LGB_shallow,lightgbm,SOLUSDT,2004,0.4151696606786427,0.5418411779666579,0.45047829853907856,0.6777922340326259,0.24233413781832738,0.49673202614379086,0.09134615384615384,0.07634730538922156,0.23913750193596672,0.3527558556733542,0.39236811278730177,0.43472736707769577,0.590467951250598
W2,LGB_shallow,lightgbm,BTCUSDT,2196,0.3533697632058288,0.5821987984608683,0.424049883880413,0.6450098060155212,0.2260506315091429,0.8333333333333334,0.006443298969072165,0.00273224043715847,0.0803667573431101,0.26471131317525326,0.3110883115314884,0.3670905952516892,0.5321251214376267
W2,LGB_shallow,lightgbm,ETHUSDT,2196,0.37249544626593806,0.574620920436762,0.424642101918818,0.6558697825757532,0.23156589846943226,0.27906976744186046,0.014669926650366748,0.019581056466302368,0.14073958165811715,0.2935526398624333,0.3428633747684453,0.39142497048895086,0.5167129599011883
W2,LGB_shallow,lightgbm,SOLUSDT,2196,0.43624772313296906,0.5345960047352285,0.46760801440286964,0.6863397677587351,0.2464655535501477,0.48148148148148145,0.12212943632567849,0.11065573770491803,0.21622157752223756,0.3696734259759731,0.40844775963338575,0.4510848454288229,0.5808592058664952
R2025,LGB_shallow,lightgbm,BTCUSDT,2189,0.3147555961626313,0.5838388969521044,0.3811049845950256,0.6151940257008455,0.21229325193774043,0.5,0.005805515239477504,0.003654636820465966,0.0902066536519733,0.24943748886990336,0.2943877767150501,0.35677605732439394,0.5850715051160928
R2025,LGB_shallow,lightgbm,ETHUSDT,2189,0.3841936957514847,0.5434562852616462,0.4110893220820426,0.6675032942920432,0.2370010479361975,0.3870967741935484,0.028537455410225922,0.02832343535861124,0.1316903254245272,0.3268057902598129,0.36849148429492407,0.4116050508233971,0.569136540440555
R2025,LGB_shallow,lightgbm,SOLUSDT,2189,0.4010963910461398,0.51894300721597,0.4128669404504236,0.6758665870888491,0.24142984205283904,0.4034334763948498,0.1070615034168565,0.10644129739607126,0.2223598780802939,0.3820011275402936,0.4095479125415257,0.44812438295006396,0.61330278326389
W1,LGB_conservative,lightgbm,BTCUSDT,2004,0.2779441117764471,0.6385681264648335,0.384112814215277,0.5701908786363291,0.1925088127877532,0.0,0.0,0.000499001996007984,0.17902055038399145,0.21225697892020026,0.2655116272355089,0.31937816126425145,0.4856053591832121
W1,LGB_conservative,lightgbm,ETHUSDT,2004,0.28542914171656686,0.5838361184904481,0.34614717144893814,0.591745686656029,0.20142057924882462,0.3333333333333333,0.0017482517482517483,0.0014970059880239522,0.20524697821222992,0.2739020467757881,0.3045810231157884,0.3446205384921264,0.49078320924055596
W1,LGB_conservative,lightgbm,SOLUSDT,2004,0.4151696606786427,0.5440281241795747,0.443251181305083,0.6765975567062344,0.24181384772323963,0.4264705882352941,0.03485576923076923,0.033932135728542916,0.3052158976821338,0.37033923576424754,0.3980920760322526,0.43179161951885636,0.5312000923038576
W2,LGB_conservative,lightgbm,BTCUSDT,2196,0.3533697632058288,0.585430430521272,0.4278990318601829,0.6436440786407248,0.2256443014791817,0.0,0.0,0.0,0.12091613519797804,0.26850758495199645,0.31385521294069313,0.35878867411406956,0.45691049010029766
W2,LGB_conservative,lightgbm,ETHUSDT,2196,0.37249544626593806,0.5812860848613028,0.4389661501893515,0.653725812054069,0.2306039871980023,0.0,0.0,0.0,0.16329090657846076,0.2989644937359642,0.3459228821221879,0.3881844115179518,0.47263362831159295
W2,LGB_conservative,lightgbm,SOLUSDT,2196,0.43624772313296906,0.5380715410740604,0.4725165614423455,0.6850250634796619,0.24587729529969715,0.5033557046979866,0.07828810020876827,0.06785063752276867,0.24944583390321917,0.3692653489099916,0.4074088857510579,0.445117992924227,0.5307717636360271
R2025,LGB_conservative,lightgbm,BTCUSDT,2189,0.3147555961626313,0.5872723754233188,0.384669334172717,0.6136230278515657,0.21169986873251104,0.0,0.0,0.0,0.12206713611548245,0.2574136133850912,0.2999353649779501,0.35290993354145667,0.4779806731111792
R2025,LGB_conservative,lightgbm,ETHUSDT,2189,0.3841936957514847,0.5455022987329624,0.4168312233588922,0.6659618487616359,0.23634847512481816,0.42424242424242425,0.016646848989298454,0.01507537688442211,0.1631440956332773,0.32887931205443305,0.3719586297683868,0.4112578917537383,0.4932437638647349
R2025,LGB_conservative,lightgbm,SOLUSDT,2189,0.4010963910461398,0.5266428798548813,0.41813158899765435,0.6738565807047282,0.24044800405036804,0.4504950495049505,0.10364464692482915,0.09227957971676565,0.3237819343701568,0.3857019459903829,0.41085314692692465,0.44706791312955063,0.5598224768109443
W1,XGB_shallow,xgboost,BTCUSDT,2004,0.2779441117764471,0.6270467344682678,0.37496509596383854,0.5725518984169972,0.19338190322168772,0.5,0.0017953321364452424,0.000998003992015968,0.15570755302906036,0.20467721298336983,0.2531971335411072,0.31958741694688797,0.4984622895717621
W1,XGB_shallow,xgboost,ETHUSDT,2004,0.28542914171656686,0.6028227184826347,0.34985316663723276,0.589657881178131,0.20063753094953454,0.2777777777777778,0.008741258741258742,0.008982035928143712,0.21423010528087616,0.2614235356450081,0.2884480059146881,0.33828872442245483,0.5151345133781433
W1,XGB_shallow,xgboost,SOLUSDT,2004,0.4151696606786427,0.5471918892754004,0.44791792196629454,0.6775428143534508,0.24221838157702988,0.43005181347150256,0.09975961538461539,0.09630738522954092,0.25803709030151367,0.3542877435684204,0.3949900269508362,0.4395631030201912,0.5891416668891907
W2,XGB_shallow,xgboost,BTCUSDT,2196,0.3533697632058288,0.5865271526063598,0.43314214584638555,0.6437265525491486,0.225456402206486,0.7272727272727273,0.010309278350515464,0.005009107468123861,0.12340395897626877,0.26226646453142166,0.3156736493110657,0.3679162561893463,0.5088767409324646
W2,XGB_shallow,xgboost,ETHUSDT,2196,0.37249544626593806,0.5818241418589714,0.43448198735619653,0.6536021960809206,0.23052710691450043,0.2894736842105263,0.013447432762836185,0.017304189435336976,0.15128935873508453,0.2923823520541191,0.3467559516429901,0.3955376669764519,0.5492398738861084
W2,XGB_shallow,xgboost,SOLUSDT,2196,0.43624772313296906,0.534728803612804,0.46910606850918646,0.6863285458784445,0.24647820578098253,0.528,0.13778705636743216,0.11384335154826958,0.2507382035255432,0.3677382841706276,0.40633684396743774,0.4491765424609184,0.5715694427490234
R2025,XGB_shallow,xgboost,BTCUSDT,2189,0.3147555961626313,0.5853251088534108,0.38577992264408506,0.6151325569920174,0.21218428638478867,0.8,0.011611030478955007,0.0045682960255824575,0.12158781290054321,0.24531283974647522,0.29423168301582336,0.35732558369636536,0.5436265468597412
R2025,XGB_shallow,xgboost,ETHUSDT,2189,0.3841936957514847,0.5422888358849327,0.4101073723037252,0.6678024570386957,0.23714444113572178,0.41304347826086957,0.04518430439952437,0.04202832343535861,0.14079377055168152,0.3241526484489441,0.36846116185188293,0.4126386046409607,0.5269149541854858
R2025,XGB_shallow,xgboost,SOLUSDT,2189,0.4010963910461398,0.5208451702694391,0.4128266634286234,0.6763434706345498,0.24165785733761846,0.4525316455696203,0.16287015945330297,0.14435815440840566,0.2912769317626953,0.3807441294193268,0.41024646162986755,0.4543755054473877,0.5844130516052246
W1,XGB_conservative,xgboost,BTCUSDT,2004,0.2779441117764471,0.618403209016612,0.3809367262926453,0.5755606978460207,0.19437159132609697,0.0,0.0,0.0,0.20630043745040894,0.23185476660728455,0.26053518056869507,0.3166896104812622,0.4584214389324188
W1,XGB_conservative,xgboost,ETHUSDT,2004,0.28542914171656686,0.5972989998827988,0.3480277135343395,0.5932808591826768,0.20201989557671038,0.0,0.0,0.000998003992015968,0.2605339586734772,0.2845233902335167,0.3001383990049362,0.33234040439128876,0.4866429567337036
W1,XGB_conservative,xgboost,SOLUSDT,2004,0.4151696606786427,0.5568282972893147,0.45958999653941307,0.6747389119250122,0.24087824679268952,0.5175438596491229,0.07091346153846154,0.05688622754491018,0.30034372210502625,0.3677103891968727,0.3969532698392868,0.435466431081295,0.5303284525871277
W2,XGB_conservative,xgboost,BTCUSDT,2196,0.3533697632058288,0.5936565267896036,0.4406815331124286,0.6412805889940625,0.22451451647004966,0.0,0.0,0.0,0.1476161926984787,0.270191989839077,0.3186269700527191,0.36132409423589706,0.46748340129852295
W2,XGB_conservative,xgboost,ETHUSDT,2196,0.37249544626593806,0.5876709096135216,0.4515139461868119,0.6518632762118755,0.22965735326653858,0.4,0.009779951100244499,0.009107468123861567,0.17900174856185913,0.2911597788333893,0.3486143797636032,0.3945700451731682,0.5053970217704773
W2,XGB_conservative,xgboost,SOLUSDT,2196,0.43624772313296906,0.5387481829740878,0.47280860622894827,0.6849279590276324,0.24584516405346557,0.5369127516778524,0.08350730688935282,0.06785063752276867,0.30228471755981445,0.3689107075333595,0.40586744248867035,0.44159864634275436,0.5309842228889465
R2025,XGB_conservative,xgboost,BTCUSDT,2189,0.3147555961626313,0.5871161103047896,0.3882370670377497,0.6141039894055238,0.21182926788857645,0.8,0.005805515239477504,0.0022841480127912287,0.15724463760852814,0.24882814288139343,0.30026549100875854,0.353994220495224,0.48459237813949585
R2025,XGB_conservative,xgboost,ETHUSDT,2189,0.3841936957514847,0.5456615164227975,0.4178892566950472,0.6659381135966169,0.2363262730036727,0.5263157894736842,0.04756242568370987,0.03471904979442668,0.1801569163799286,0.3280993700027466,0.3709728419780731,0.40896090865135193,0.5008320212364197
R2025,XGB_conservative,xgboost,SOLUSDT,2189,0.4010963910461398,0.5249001353537355,0.41691739463090816,0.6744492309859996,0.24072523729802864,0.4331983805668016,0.12186788154897495,0.11283691183188671,0.33675137162208557,0.38318952918052673,0.4091399610042572,0.4496084749698639,0.5409911274909973
W1,CAT_shallow,catboost,BTCUSDT,2004,0.2779441117764471,0.6394465612627624,0.38964334853609034,0.5734179586897725,0.1934904316728384,0.0,0.0,0.0,0.20962816594513975,0.24621569698514886,0.2788750173309591,0.3227052940671206,0.44819285143239007
W1,CAT_shallow,catboost,ETHUSDT,2004,0.28542914171656686,0.6029295425245146,0.35293959145889947,0.5917847398097346,0.20134951702245293,0.0,0.0,0.0,0.2614025053265016,0.2837665301966268,0.3100718485668533,0.34517693453999065,0.4798833736459606
W1,CAT_shallow,catboost,SOLUSDT,2004,0.4151696606786427,0.5434004988185875,0.4436826252559771,0.6763357704024119,0.24168006572441555,0.41975308641975306,0.040865384615384616,0.040419161676646706,0.3279911273606481,0.3808905574490242,0.4031673404832703,0.4346539941937959,0.5236987749255791
W2,CAT_shallow,catboost,BTCUSDT,2196,0.3533697632058288,0.5874047117758096,0.4341142923266777,0.6406234827342207,0.22449411455603516,0.0,0.0,0.0,0.1610959480837729,0.280267374827113,0.3232369300790451,0.3639386046836567,0.4767205541980316
W2,CAT_shallow,catboost,ETHUSDT,2196,0.37249544626593806,0.5881810213590442,0.4559240790409457,0.6505190504676331,0.22918664195057203,1.0,0.0012224938875305623,0.0004553734061930783,0.202381840975825,0.30288461414325824,0.3526155877351439,0.3943748393599891,0.48211949987775116
W2,CAT_shallow,catboost,SOLUSDT,2196,0.43624772313296906,0.5414121706166253,0.4789239570823123,0.6830830468179979,0.24498037790598418,0.5634920634920635,0.07411273486430063,0.05737704918032787,0.306535275673931,0.3855772842590835,0.4131631858266026,0.4443341103269045,0.5487286644365941
R2025,CAT_shallow,catboost,BTCUSDT,2189,0.3147555961626313,0.5867556845670053,0.38698272526342725,0.6130815365149,0.21149333298482467,0.0,0.0,0.0,0.17407521370597917,0.2610930117760151,0.3098731372686853,0.3592445705857187,0.47441876549796647
R2025,CAT_shallow,catboost,ETHUSDT,2189,0.3841936957514847,0.5464179107110724,0.4176413414562734,0.6645314423253731,0.2357833745627771,0.39215686274509803,0.023781212841854936,0.023298309730470534,0.2084769249154288,0.33424933857848754,0.3769275126344692,0.41315259857227055,0.49729478615506917
R2025,CAT_shallow,catboost,SOLUSDT,2189,0.4010963910461398,0.5301157717508588,0.424048383970001,0.6732503668572402,0.240136881048124,0.43790849673202614,0.07630979498861047,0.0698949291914116,0.3520799752334628,0.39174904972102026,0.412057638697706,0.44236423640899397,0.5418444615936637
W1,CAT_conservative,catboost,BTCUSDT,2004,0.2779441117764471,0.6385755708275278,0.3920744084084976,0.5751639778070412,0.194145908130743,0.0,0.0,0.0,0.2268287373312918,0.25557547183662044,0.2868722439279081,0.3240061194325558,0.43220952006702357
W1,CAT_conservative,catboost,ETHUSDT,2004,0.28542914171656686,0.6066073416806658,0.3591469961203546,0.5932795961947077,0.20192914269321344,0.0,0.0,0.0,0.27362113707208646,0.2945765983328152,0.31973239379267454,0.3502451493859629,0.46234798713878067
W1,CAT_conservative,catboost,SOLUSDT,2004,0.4151696606786427,0.5478138742123917,0.4507163729608801,0.6761280766628304,0.24156022875783173,0.0,0.0,0.0,0.3427659770801281,0.3921394287683133,0.4100810457772012,0.4296781539108244,0.4755062123337731
W2,CAT_conservative,catboost,BTCUSDT,2196,0.3533697632058288,0.5876892151880354,0.43555423939319104,0.6407945888876864,0.2245736314846291,0.0,0.0,0.0,0.17690017328152968,0.285808653689781,0.3204177779415982,0.3598722221063465,0.4553398777627495
W2,CAT_conservative,catboost,ETHUSDT,2196,0.37249544626593806,0.5889031621605317,0.4575060496048947,0.6509280285047977,0.2293918286493562,0.0,0.0,0.0,0.21723646273265595,0.3049927748120519,0.3512606786773944,0.387995605867254,0.4599941284013302
W2,CAT_conservative,catboost,SOLUSDT,2196,0.43624772313296906,0.5457334039345567,0.4778540247948965,0.6830131020960243,0.2449573273776618,0.4857142857142857,0.03549060542797495,0.031876138433515486,0.3438959144225499,0.3866836703098701,0.41045948602088084,0.4356174445527693,0.49952749175324956
R2025,CAT_conservative,catboost,BTCUSDT,2189,0.3147555961626313,0.5873149492017417,0.3860041640894279,0.6128813238028642,0.21142256148685795,0.0,0.0,0.0,0.19538691992455656,0.26597732092975995,0.31164330714100663,0.3571519034679219,0.46677956502982754
R2025,CAT_conservative,catboost,ETHUSDT,2189,0.3841936957514847,0.5468219090597953,0.4248792364193017,0.6639663777157464,0.23553336025143315,0.5,0.0023781212841854932,0.001827318410232983,0.22589105104058171,0.3356854545495196,0.37469788831995315,0.40993593315581955,0.4827193879657008
R2025,CAT_conservative,catboost,SOLUSDT,2189,0.4010963910461398,0.5347610633000248,0.43020807585171905,0.6724493157908086,0.239737965738062,0.4925373134328358,0.07517084282460136,0.06121516674280494,0.36519781240042065,0.3944036904846136,0.4137632417556927,0.4398509024019454,0.5197989444185961
