lane,model_name,family,threshold_spec,ret_2023_pct,ret_2024_pct,ret_2025_pct,g_week_pct,delta_vs_opt0026_bps,worst_mdd_pct,mdd_2023_pct,mdd_2024_pct,mdd_2025_pct,closed_cycles,wins,losses,win_rate_pct,avg_holding_hours,turnover_usdt,total_fees_usdt,avg_exposure_pct,btc_pnl_usdt,eth_pnl_usdt,sol_pnl_usdt,floor_triggers,stop_triggers,breakeven_triggers
Lane A (Fixed 0.48),LR_C0.10,logistic_regression,0.48_fixed,7.15886387682535,17.4087546859815,-2.6987709139108,0.12929338611045732,0.0,11.507333415804847,4.667707873836642,4.17910537304477,11.507333415804847,225,129,104,57.333333333333336,5.632483868332925,10685.3601289287,10.6853601289287,1.6949265602651244,-0.5122741229397001,3.749412931296,11.360155941915,0,6,17
Lane A (Fixed 0.48),LR_C0.50,logistic_regression,0.48_fixed,6.859093480433651,17.16596881848215,-3.9181552696783,0.11811197126940529,-1.1181414841052042,11.507333415804847,7.612631008362554,5.5190440193189,11.507333415804847,242,136,114,56.19834710743802,6.723131940523245,11549.94002346275,11.54994002346275,1.9326085524346908,-1.2377188424572498,1.9080430489245,12.10883273232,0,6,26
Lane A (Fixed 0.48),LGB_shallow,lightgbm,0.48_fixed,3.0823122851438503,2.8157796894817,-12.96015780520105,-0.051522434719798206,-18.081582083025552,16.63490771097836,7.436853968512562,7.011251675962912,16.63490771097836,280,135,161,48.214285714285715,13.189895104895106,14072.66877960055,14.07266877960055,3.7582660682300086,-1.67658317829705,-5.3205660199485,-14.991187457625,0,3,26
Lane A (Fixed 0.48),LGB_conservative,lightgbm,0.48_fixed,-1.435882133123,3.59965676263,-3.633662844359,-0.010291751475205849,-13.958513758566319,8.695782272577437,3.632701784528681,4.443097613202463,8.695782272577437,183,93,103,50.81967213114754,5.642288011695906,8013.4995329719995,8.013499532972,1.222574911163352,0.0,-1.276241281917,-4.737953519055,0,4,11
Lane A (Fixed 0.48),XGB_shallow,xgboost,0.48_fixed,1.3845645243407498,5.01902222149935,-12.903430063235499,-0.04817226386702801,-17.746564997748532,13.2184508847355,9.81113474596881,5.913751564086215,13.2184508847355,306,155,170,50.65359477124183,10.150563607085347,13672.334054703,13.672334054703,5.41695519949189,-1.646823013086,-6.057659944617,-13.2646240092,0,5,21
Lane A (Fixed 0.48),XGB_conservative,xgboost,0.48_fixed,-0.9959412529430001,-1.066450685415,-2.16509155814135,-0.027221144790306902,-15.651453090076425,9.317811450247925,7.137310603641496,5.734878172386251,9.317811450247925,146,74,82,50.68493150684932,5.2522030651341,7520.10664716905,7.52010664716905,2.7474472074559606,-0.50783404288455,0.5441371151354999,-9.52940158977,0,1,12
Lane A (Fixed 0.48),CAT_shallow,catboost,0.48_fixed,-2.73952008364,3.65030986187,-5.278571787057,-0.02947853058991582,-15.877191670037316,9.9330259744213,9.9330259744213,3.518353280859322,6.877479891219168,168,75,102,44.642857142857146,5.595335575088981,7799.0073660015005,7.7990073660015,1.1402271121151093,0.0,-0.3014168885265,-8.739097824975001,0,5,15
Lane A (Fixed 0.48),CAT_conservative,catboost,0.48_fixed,0.0,-0.767156312185,-3.6218280119660005,-0.028480300539393388,-15.777368664985072,5.1736801829723404,0.0,4.459961543029965,5.1736801829723404,42,23,26,54.761904761904766,2.9372549019607845,2091.5911392225003,2.0915911392225,0.3728418959653987,0.0,-0.4830667572225,-5.2507643024999995,0,2,3
Lane B (Inner Selected),LR_C0.10,logistic_regression,W1:0.56|W2:0.44|25:0.44,3.3554511470954997,24.9666382629215,-10.6265475996225,0.09172914043587314,-3.7564245674584194,17.630696950021633,1.1359276165003356,6.163389528066748,17.630696950021633,406,225,204,55.41871921182266,5.8930163087552145,19599.986701394748,19.599986701394748,4.546080238251488,-2.15705776929825,0.5365797990735003,1.1527011850799986,0,12,30
Lane B (Inner Selected),LR_C0.50,logistic_regression,W1:0.56|W2:0.46|25:0.44,0.16863617234355,12.8740670796253,-13.69599217358575,-0.015653210413192342,-14.494659652364966,20.302278494661767,2.781697845678793,6.062888762665354,20.302278494661767,318,166,171,52.20125786163522,6.468587470449172,15179.21270617225,15.17921270617225,3.624105078796554,-2.3081444069452504,-3.4633012098869997,-9.855919727789999,0,12,24
Lane B (Inner Selected),LGB_shallow,lightgbm,W1:0.52|W2:0.46|25:0.44,4.671460041382,2.6061738634079,-7.28957796226965,-0.0027499665301029246,-13.204335264056025,15.451756062838347,2.8151706438477806,10.159412160783916,15.451756062838347,328,168,187,51.21951219512195,27.020722095092804,16082.5843785116,16.0825843785116,6.450348503260202,-3.4036604831796,-10.180971830592,5.240635884675,0,8,19
Lane B (Inner Selected),LGB_conservative,lightgbm,W1:0.52|W2:0.50|25:0.44,0.686093715345,1.50063844688,-6.7985495403974,-0.031087617277544593,-16.03810033880019,12.530018314208919,0.11572544854922592,2.5036517304167734,12.530018314208919,149,81,85,54.36241610738255,17.83893065998329,7992.79695704455,7.99279695704455,3.0608599033433443,-1.74122420760855,-6.282357309201,-1.480703639985,0,3,3
Lane B (Inner Selected),XGB_shallow,xgboost,W1:0.56|W2:0.46|25:0.44,2.4114829816950003,2.3770823325181,-17.2796450121289,-0.09091061181255067,-22.0203997923008,20.02557947027445,0.26827702831676925,10.30501176657034,20.02557947027445,269,139,156,51.6728624535316,6.647729362015077,12998.877314862499,12.998877314862499,6.941644327739397,-5.9395905642975,-16.397920746329998,-8.466926835135,0,9,14
Lane B (Inner Selected),XGB_conservative,xgboost,W1:0.54|W2:0.44|25:0.44,0.0,11.37918189827285,-13.007447448124,-0.020169097740022252,-14.946248385047959,18.502604528409165,0.0,14.1951710931939,18.502604528409165,433,238,226,54.96535796766744,28.622451415747506,18622.283854028698,18.6222838540287,7.387196919617973,-2.1055279444662,-15.0078805376895,-5.539380485280001,0,16,27
Lane B (Inner Selected),CAT_shallow,catboost,W1:0.54|W2:0.44|25:0.44,0.0,16.8557949782275,-4.87167013421595,0.06762343649247698,-6.166994961798035,14.511471512741156,0.0,14.150941127243714,14.511471512741156,426,243,214,57.04225352112676,36.16885834764954,18558.45347337015,18.55845347337015,6.0309683558544664,-2.9948503041976497,-5.4418034012025,14.15352207534,0,14,32
Lane B (Inner Selected),CAT_conservative,catboost,W1:0.50|W2:0.48|25:0.44,0.0,-0.767156312185,-3.35707969468495,-0.026728469004411604,-15.602185511486894,14.70817352411576,0.0,4.459961543029965,14.70817352411576,215,128,114,59.53488372093023,4.531948102624134,10237.8886331731,10.2378886331731,2.7652553681505054,-1.1743612416486,-1.7471943346695,-7.168824890055,0,11,7
