slice,regime,description,sample_count,mean_net_return_pct,median_net_return_pct,win_rate_pct,std_net_return_pct
ALL,Regime_A,价格上涨 + OI上涨,7173,-0.2731,-0.3417,34.89,1.532
ALL,Regime_B,价格上涨 + OI下降,6126,-0.304,-0.3356,33.84,1.5924
ALL,Regime_C,价格下跌 + OI上涨,6078,-0.3173,-0.2455,38.07,1.7109
ALL,Regime_D,价格下跌 + OI下降,6918,-0.2578,-0.2273,38.35,1.5518
ALL,Regime_E,价格上涨 + 主动买盘强势,8656,-0.2803,-0.3434,35.25,1.6404
ALL,Regime_F,价格上涨 + 主动卖盘强势,4643,-0.3004,-0.3327,32.85,1.3982
ALL,Regime_G,OI上涨 + 主动买盘增强,6272,-0.2852,-0.3304,36.0,1.6211
ALL,Regime_H,OI上涨 + 主动卖盘增强,6979,-0.3006,-0.2713,36.67,1.6127
BTCUSDT,Regime_A,价格上涨 + OI上涨,2455,-0.2843,-0.3456,29.86,1.0562
BTCUSDT,Regime_B,价格上涨 + OI下降,2021,-0.3111,-0.3305,28.9,1.083
BTCUSDT,Regime_C,价格下跌 + OI上涨,2018,-0.2858,-0.2373,34.79,1.1358
BTCUSDT,Regime_D,价格下跌 + OI下降,2271,-0.268,-0.2253,33.6,1.0284
BTCUSDT,Regime_E,价格上涨 + 主动买盘强势,2639,-0.2955,-0.3451,30.13,1.1378
BTCUSDT,Regime_F,价格上涨 + 主动卖盘强势,1837,-0.2977,-0.3302,28.42,0.9601
BTCUSDT,Regime_G,OI上涨 + 主动买盘增强,1848,-0.2799,-0.3363,31.49,1.0825
BTCUSDT,Regime_H,OI上涨 + 主动卖盘增强,2625,-0.2885,-0.278,32.5,1.1
ETHUSDT,Regime_A,价格上涨 + OI上涨,2440,-0.2537,-0.3319,34.55,1.3546
ETHUSDT,Regime_B,价格上涨 + OI下降,1995,-0.3028,-0.3257,32.93,1.4335
ETHUSDT,Regime_C,价格下跌 + OI上涨,1993,-0.3401,-0.2453,37.48,1.4881
ETHUSDT,Regime_D,价格下跌 + OI下降,2337,-0.2802,-0.245,36.97,1.507
ETHUSDT,Regime_E,价格上涨 + 主动买盘强势,3014,-0.2697,-0.3252,34.54,1.4395
ETHUSDT,Regime_F,价格上涨 + 主动卖盘强势,1421,-0.2887,-0.3366,32.3,1.2814
ETHUSDT,Regime_G,OI上涨 + 主动买盘增强,2247,-0.2564,-0.3134,35.6,1.3896
ETHUSDT,Regime_H,OI上涨 + 主动卖盘增强,2186,-0.3296,-0.267,36.14,1.4433
SOLUSDT,Regime_A,价格上涨 + OI上涨,2278,-0.2817,-0.3557,40.69,2.0547
SOLUSDT,Regime_B,价格上涨 + OI下降,2110,-0.2983,-0.3675,39.43,2.0726
SOLUSDT,Regime_C,价格下跌 + OI上涨,2067,-0.3261,-0.2804,41.85,2.2828
SOLUSDT,Regime_D,价格下跌 + OI下降,2310,-0.2251,-0.1796,44.42,1.9679
SOLUSDT,Regime_E,价格上涨 + 主动买盘强势,3003,-0.2776,-0.3676,40.46,2.1304
SOLUSDT,Regime_F,价格上涨 + 主动卖盘强势,1385,-0.316,-0.3401,39.28,1.9096
SOLUSDT,Regime_G,OI上涨 + 主动买盘增强,2177,-0.3195,-0.364,40.24,2.1404
SOLUSDT,Regime_H,OI上涨 + 主动卖盘增强,2168,-0.2861,-0.2602,42.25,2.192
2022,Regime_A,价格上涨 + OI上涨,1739,-0.2912,-0.3596,36.57,1.8197
2022,Regime_B,价格上涨 + OI下降,1485,-0.4332,-0.4156,32.32,1.8553
2022,Regime_C,价格下跌 + OI上涨,1628,-0.4055,-0.2454,39.0,2.2482
2022,Regime_D,价格下跌 + OI下降,1718,-0.3085,-0.2339,39.58,1.854
2022,Regime_E,价格上涨 + 主动买盘强势,2221,-0.3534,-0.3842,35.52,1.9207
2022,Regime_F,价格上涨 + 主动卖盘强势,1003,-0.3636,-0.3818,32.6,1.6385
2022,Regime_G,OI上涨 + 主动买盘增强,1632,-0.3579,-0.3674,37.19,2.0299
2022,Regime_H,OI上涨 + 主动卖盘增强,1735,-0.3357,-0.2614,38.27,2.0474
2023,Regime_A,价格上涨 + OI上涨,1850,-0.2522,-0.3498,30.43,1.4383
2023,Regime_B,价格上涨 + OI下降,1528,-0.2197,-0.3302,31.02,1.5497
2023,Regime_C,价格下跌 + OI上涨,1465,-0.2546,-0.2399,33.99,1.3053
2023,Regime_D,价格下跌 + OI下降,1727,-0.1962,-0.2074,35.73,1.3386
2023,Regime_E,价格上涨 + 主动买盘强势,2027,-0.2038,-0.3435,31.43,1.6268
2023,Regime_F,价格上涨 + 主动卖盘强势,1351,-0.288,-0.3403,29.61,1.2549
2023,Regime_G,OI上涨 + 主动买盘增强,1486,-0.2354,-0.3438,31.09,1.4962
2023,Regime_H,OI上涨 + 主动卖盘增强,1829,-0.2678,-0.2605,32.75,1.2797
2024,Regime_A,价格上涨 + OI上涨,1859,-0.2833,-0.3283,36.74,1.4284
2024,Regime_B,价格上涨 + OI下降,1535,-0.3204,-0.3365,35.18,1.4593
2024,Regime_C,价格下跌 + OI上涨,1521,-0.2734,-0.202,40.89,1.5806
2024,Regime_D,价格下跌 + OI下降,1673,-0.1719,-0.156,42.26,1.4774
2024,Regime_E,价格上涨 + 主动买盘强势,2367,-0.2877,-0.3384,36.29,1.4883
2024,Regime_F,价格上涨 + 主动卖盘强势,1027,-0.3286,-0.3214,35.44,1.3308
2024,Regime_G,OI上涨 + 主动买盘增强,1711,-0.2661,-0.3042,38.28,1.4335
2024,Regime_H,OI上涨 + 主动卖盘增强,1669,-0.292,-0.2636,38.95,1.5627
2025,Regime_A,价格上涨 + OI上涨,1725,-0.266,-0.3217,36.0,1.4153
2025,Regime_B,价格上涨 + OI下降,1578,-0.248,-0.2634,36.69,1.477
2025,Regime_C,价格下跌 + OI上涨,1464,-0.3276,-0.2877,38.18,1.4889
2025,Regime_D,价格下跌 + OI下降,1800,-0.3484,-0.288,36.06,1.4849
2025,Regime_E,价格上涨 + 主动买盘强势,2041,-0.268,-0.2976,37.53,1.4797
2025,Regime_F,价格上涨 + 主动卖盘强势,1262,-0.2404,-0.2998,34.39,1.3873
2025,Regime_G,OI上涨 + 主动买盘增强,1443,-0.2771,-0.3092,37.01,1.4181
2025,Regime_H,OI上涨 + 主动卖盘增强,1746,-0.3085,-0.3099,37.0,1.4755
