benchmark_id,feature_family,candidate_id,g_week_pct,delta_gweek_bps,annualized_pct,delta_annual_pct,ret_2025_pct,delta_2025_pct,worst_mdd_pct,delta_mdd_pct,closed_cycles,win_rate_pct,fitness
OPT-0005,BASE_12,OPT-0005_BASE_12,0.1371,0.0,7.383,0.0,-3.9148,0.0,11.605,0.0,208,54.33,-5.1228
OPT-0005,OI_ONLY,OPT-0005_OI_ONLY,0.1223,-1.48,6.5607,-0.82,-6.5091,-2.59,14.2644,2.66,221,53.39,-7.7645
OPT-0005,FLOW_ONLY,OPT-0005_FLOW_ONLY,0.116,-2.11,6.2117,-1.17,-4.1581,-0.24,11.6144,0.01,219,54.79,-5.2703
OPT-0005,OI_FLOW,OPT-0005_OI_FLOW,0.0874,-4.97,4.6486,-2.73,-4.5012,-0.59,12.8169,1.21,228,48.68,-6.0717
OPT-0001,BASE_12,OPT-0001_BASE_12,0.1311,0.0,7.048,0.0,-3.5862,0.0,11.4931,0.0,208,53.85,-4.9086
OPT-0001,OI_ONLY,OPT-0001_OI_ONLY,0.1202,-1.09,6.445,-0.6,-6.0869,-2.5,14.1989,2.71,221,55.2,-7.5227
OPT-0001,FLOW_ONLY,OPT-0001_FLOW_ONLY,0.1174,-1.37,6.2921,-0.76,-3.223,0.36,11.5073,0.01,221,54.75,-4.7478
OPT-0001,OI_FLOW,OPT-0001_OI_FLOW,0.0909,-4.02,4.84,-2.21,-3.6195,-0.03,12.5944,1.1,230,50.0,-5.516
OPT-0026,BASE_12,OPT-0026_BASE_12,0.1293,0.0,6.9498,0.0,-2.6988,0.0,11.5073,0.0,225,53.78,-4.4738
OPT-0026,OI_ONLY,OPT-0026_OI_ONLY,0.0811,-4.82,4.3057,-2.64,-7.4766,-4.78,14.9059,3.4,232,51.72,-8.6102
OPT-0026,FLOW_ONLY,OPT-0026_FLOW_ONLY,0.122,-0.73,6.5438,-0.41,-4.5817,-1.88,11.4905,-0.02,232,53.45,-5.4141
OPT-0026,OI_FLOW,OPT-0026_OI_FLOW,0.1004,-2.89,5.3541,-1.6,-4.2001,-1.5,12.5944,1.09,248,49.6,-5.7969
OPT-0056,BASE_12,OPT-0056_BASE_12,0.1024,0.0,5.4677,0.0,-2.4368,0.0,11.2139,0.0,153,57.52,-4.2229
OPT-0056,OI_ONLY,OPT-0056_OI_ONLY,0.0847,-1.77,4.5033,-0.96,-4.1642,-1.73,12.7242,1.51,167,52.1,-5.8595
OPT-0056,FLOW_ONLY,OPT-0056_FLOW_ONLY,0.0706,-3.18,3.7385,-1.73,-4.0044,-1.57,11.3542,0.14,155,53.55,-5.1087
OPT-0056,OI_FLOW,OPT-0056_OI_FLOW,0.0815,-2.09,4.3263,-1.14,-5.2069,-2.77,11.6899,0.48,175,53.71,-5.8669
