candidate_id,benchmark_id,feature_family,num_features,fold,symbol,samples,roc_auc,pr_auc,log_loss,brier_score,precision,recall,ppr,prob_p10,prob_p25,prob_p50,prob_p75,prob_p90
OPT-0005_BASE_12,OPT-0005,BASE_12,12,W1,BTCUSDT,2004,0.5807,0.3454,0.5842,0.1978,1.0,0.009,0.0025,0.2453,0.2605,0.2793,0.3045,0.3343
OPT-0005_BASE_12,OPT-0005,BASE_12,12,W1,ETHUSDT,2004,0.564,0.3276,0.601,0.2053,0.25,0.0035,0.004,0.3058,0.3153,0.3294,0.3504,0.3762
OPT-0005_BASE_12,OPT-0005,BASE_12,12,W1,SOLUSDT,2004,0.5396,0.469,0.6769,0.2418,0.625,0.0421,0.0279,0.3667,0.3889,0.4089,0.4277,0.4497
OPT-0005_BASE_12,OPT-0005,BASE_12,12,W2,BTCUSDT,2196,0.5836,0.4285,0.6469,0.2272,0.5405,0.0258,0.0168,0.2488,0.2656,0.2884,0.3192,0.369
OPT-0005_BASE_12,OPT-0005,BASE_12,12,W2,ETHUSDT,2196,0.5855,0.4609,0.6532,0.2304,0.6571,0.0281,0.0159,0.2811,0.297,0.3192,0.352,0.3943
OPT-0005_BASE_12,OPT-0005,BASE_12,12,W2,SOLUSDT,2196,0.5401,0.4821,0.6836,0.2452,0.6071,0.0355,0.0255,0.3745,0.3901,0.4076,0.4275,0.4492
OPT-0005_BASE_12,OPT-0005,BASE_12,12,R2025,BTCUSDT,2189,0.5812,0.3815,0.6163,0.2129,0.4545,0.0218,0.0151,0.2506,0.2648,0.2847,0.3139,0.3612
OPT-0005_BASE_12,OPT-0005,BASE_12,12,R2025,ETHUSDT,2189,0.54,0.4181,0.6692,0.238,0.4419,0.0678,0.0589,0.2903,0.3113,0.3415,0.3827,0.4381
OPT-0005_BASE_12,OPT-0005,BASE_12,12,R2025,SOLUSDT,2189,0.5242,0.4153,0.6751,0.241,0.4059,0.0467,0.0461,0.3796,0.3926,0.4093,0.4306,0.4576
OPT-0005_OI_ONLY,OPT-0005,OI_ONLY,15,W1,BTCUSDT,2004,0.5661,0.3385,0.5859,0.1985,0.5714,0.0072,0.0035,0.2271,0.2486,0.2751,0.306,0.3422
OPT-0005_OI_ONLY,OPT-0005,OI_ONLY,15,W1,ETHUSDT,2004,0.5515,0.3353,0.6002,0.2049,0.5556,0.0087,0.0045,0.2959,0.3106,0.3299,0.3533,0.3792
OPT-0005_OI_ONLY,OPT-0005,OI_ONLY,15,W1,SOLUSDT,2004,0.5392,0.4671,0.6772,0.2419,0.6094,0.0469,0.0319,0.3643,0.3884,0.4096,0.4303,0.4542
OPT-0005_OI_ONLY,OPT-0005,OI_ONLY,15,W2,BTCUSDT,2196,0.5776,0.4212,0.6479,0.2276,0.5263,0.0258,0.0173,0.2385,0.2609,0.2912,0.3281,0.3746
OPT-0005_OI_ONLY,OPT-0005,OI_ONLY,15,W2,ETHUSDT,2196,0.5695,0.4497,0.6552,0.2313,0.6486,0.0293,0.0168,0.2766,0.2944,0.3217,0.3572,0.3981
OPT-0005_OI_ONLY,OPT-0005,OI_ONLY,15,W2,SOLUSDT,2196,0.5331,0.4764,0.6843,0.2456,0.5694,0.0428,0.0328,0.3685,0.3853,0.4055,0.4291,0.4522
OPT-0005_OI_ONLY,OPT-0005,OI_ONLY,15,R2025,BTCUSDT,2189,0.5769,0.3797,0.6165,0.2129,0.5,0.029,0.0183,0.2454,0.2612,0.2841,0.3144,0.3612
OPT-0005_OI_ONLY,OPT-0005,OI_ONLY,15,R2025,ETHUSDT,2189,0.538,0.4173,0.6694,0.238,0.4538,0.0702,0.0594,0.2885,0.3111,0.3414,0.3822,0.4407
OPT-0005_OI_ONLY,OPT-0005,OI_ONLY,15,R2025,SOLUSDT,2189,0.5236,0.4158,0.6755,0.2412,0.3939,0.0444,0.0452,0.3783,0.3927,0.4098,0.4316,0.4572
OPT-0005_FLOW_ONLY,OPT-0005,FLOW_ONLY,16,W1,BTCUSDT,2004,0.5624,0.3365,0.5859,0.1985,0.75,0.0054,0.002,0.24,0.2613,0.2896,0.3214,0.3518
OPT-0005_FLOW_ONLY,OPT-0005,FLOW_ONLY,16,W1,ETHUSDT,2004,0.5444,0.3158,0.6026,0.206,0.4,0.0105,0.0075,0.2997,0.315,0.3321,0.3546,0.3825
OPT-0005_FLOW_ONLY,OPT-0005,FLOW_ONLY,16,W1,SOLUSDT,2004,0.5175,0.4452,0.68,0.2433,0.5132,0.0469,0.0379,0.3529,0.3804,0.4067,0.431,0.4565
OPT-0005_FLOW_ONLY,OPT-0005,FLOW_ONLY,16,W2,BTCUSDT,2196,0.5798,0.4278,0.646,0.2268,0.5,0.0219,0.0155,0.2411,0.2629,0.2928,0.3284,0.3761
OPT-0005_FLOW_ONLY,OPT-0005,FLOW_ONLY,16,W2,ETHUSDT,2196,0.5808,0.4571,0.6539,0.2307,0.6111,0.0269,0.0164,0.2783,0.2947,0.3182,0.3522,0.3957
OPT-0005_FLOW_ONLY,OPT-0005,FLOW_ONLY,16,W2,SOLUSDT,2196,0.5384,0.4799,0.6836,0.2453,0.5893,0.0344,0.0255,0.3748,0.3893,0.4066,0.4265,0.4481
OPT-0005_FLOW_ONLY,OPT-0005,FLOW_ONLY,16,R2025,BTCUSDT,2189,0.5764,0.3753,0.6165,0.213,0.4516,0.0203,0.0142,0.2339,0.2569,0.286,0.318,0.3643
OPT-0005_FLOW_ONLY,OPT-0005,FLOW_ONLY,16,R2025,ETHUSDT,2189,0.5423,0.4193,0.6689,0.2378,0.4409,0.0666,0.058,0.29,0.3103,0.341,0.3818,0.4376
OPT-0005_FLOW_ONLY,OPT-0005,FLOW_ONLY,16,R2025,SOLUSDT,2189,0.5137,0.4097,0.6761,0.2415,0.4074,0.0501,0.0493,0.3758,0.3914,0.4098,0.4319,0.4581
OPT-0005_OI_FLOW,OPT-0005,OI_FLOW,19,W1,BTCUSDT,2004,0.5595,0.3302,0.5872,0.1991,0.6,0.0054,0.0025,0.2242,0.2519,0.2826,0.3207,0.3583
OPT-0005_OI_FLOW,OPT-0005,OI_FLOW,19,W1,ETHUSDT,2004,0.5374,0.3267,0.6019,0.2057,0.5,0.0087,0.005,0.2905,0.3098,0.3315,0.3579,0.3851
OPT-0005_OI_FLOW,OPT-0005,OI_FLOW,19,W1,SOLUSDT,2004,0.5199,0.4463,0.6801,0.2433,0.4881,0.0493,0.0419,0.353,0.3805,0.4081,0.4333,0.4595
OPT-0005_OI_FLOW,OPT-0005,OI_FLOW,19,W2,BTCUSDT,2196,0.5753,0.4215,0.6472,0.2273,0.5135,0.0245,0.0168,0.2327,0.2602,0.2952,0.3364,0.3825
OPT-0005_OI_FLOW,OPT-0005,OI_FLOW,19,W2,ETHUSDT,2196,0.5665,0.4469,0.656,0.2316,0.625,0.0306,0.0182,0.2727,0.2929,0.3191,0.3565,0.3999
OPT-0005_OI_FLOW,OPT-0005,OI_FLOW,19,W2,SOLUSDT,2196,0.5328,0.4744,0.6843,0.2456,0.5062,0.0428,0.0369,0.3686,0.3852,0.4053,0.4278,0.4534
OPT-0005_OI_FLOW,OPT-0005,OI_FLOW,19,R2025,BTCUSDT,2189,0.5756,0.3762,0.6165,0.213,0.4595,0.0247,0.0169,0.2305,0.2538,0.285,0.3188,0.3676
OPT-0005_OI_FLOW,OPT-0005,OI_FLOW,19,R2025,ETHUSDT,2189,0.5398,0.4188,0.6692,0.2379,0.4419,0.0678,0.0589,0.2878,0.3097,0.3404,0.3797,0.4387
OPT-0005_OI_FLOW,OPT-0005,OI_FLOW,19,R2025,SOLUSDT,2189,0.5128,0.4101,0.6764,0.2416,0.4167,0.0513,0.0493,0.374,0.3904,0.4102,0.4326,0.458
OPT-0001_BASE_12,OPT-0001,BASE_12,12,W1,BTCUSDT,2004,0.5807,0.3454,0.5842,0.1978,1.0,0.009,0.0025,0.2453,0.2605,0.2793,0.3045,0.3343
OPT-0001_BASE_12,OPT-0001,BASE_12,12,W1,ETHUSDT,2004,0.564,0.3276,0.601,0.2053,0.25,0.0035,0.004,0.3058,0.3153,0.3294,0.3504,0.3762
OPT-0001_BASE_12,OPT-0001,BASE_12,12,W1,SOLUSDT,2004,0.5396,0.469,0.6769,0.2418,0.625,0.0421,0.0279,0.3667,0.3889,0.4089,0.4277,0.4497
OPT-0001_BASE_12,OPT-0001,BASE_12,12,W2,BTCUSDT,2196,0.5836,0.4285,0.6469,0.2272,0.5405,0.0258,0.0168,0.2488,0.2656,0.2884,0.3192,0.369
OPT-0001_BASE_12,OPT-0001,BASE_12,12,W2,ETHUSDT,2196,0.5855,0.4609,0.6532,0.2304,0.6571,0.0281,0.0159,0.2811,0.297,0.3192,0.352,0.3943
OPT-0001_BASE_12,OPT-0001,BASE_12,12,W2,SOLUSDT,2196,0.5401,0.4821,0.6836,0.2452,0.6071,0.0355,0.0255,0.3745,0.3901,0.4076,0.4275,0.4492
OPT-0001_BASE_12,OPT-0001,BASE_12,12,R2025,BTCUSDT,2189,0.5812,0.3815,0.6163,0.2129,0.4545,0.0218,0.0151,0.2506,0.2648,0.2847,0.3139,0.3612
OPT-0001_BASE_12,OPT-0001,BASE_12,12,R2025,ETHUSDT,2189,0.54,0.4181,0.6692,0.238,0.4419,0.0678,0.0589,0.2903,0.3113,0.3415,0.3827,0.4381
OPT-0001_BASE_12,OPT-0001,BASE_12,12,R2025,SOLUSDT,2189,0.5242,0.4153,0.6751,0.241,0.4059,0.0467,0.0461,0.3796,0.3926,0.4093,0.4306,0.4576
OPT-0001_OI_ONLY,OPT-0001,OI_ONLY,15,W1,BTCUSDT,2004,0.5661,0.3385,0.5859,0.1985,0.5714,0.0072,0.0035,0.2271,0.2486,0.2751,0.306,0.3422
OPT-0001_OI_ONLY,OPT-0001,OI_ONLY,15,W1,ETHUSDT,2004,0.5515,0.3353,0.6002,0.2049,0.5556,0.0087,0.0045,0.2959,0.3106,0.3299,0.3533,0.3792
OPT-0001_OI_ONLY,OPT-0001,OI_ONLY,15,W1,SOLUSDT,2004,0.5392,0.4671,0.6772,0.2419,0.6094,0.0469,0.0319,0.3643,0.3884,0.4096,0.4303,0.4542
OPT-0001_OI_ONLY,OPT-0001,OI_ONLY,15,W2,BTCUSDT,2196,0.5776,0.4212,0.6479,0.2276,0.5263,0.0258,0.0173,0.2385,0.2609,0.2912,0.3281,0.3746
OPT-0001_OI_ONLY,OPT-0001,OI_ONLY,15,W2,ETHUSDT,2196,0.5695,0.4497,0.6552,0.2313,0.6486,0.0293,0.0168,0.2766,0.2944,0.3217,0.3572,0.3981
OPT-0001_OI_ONLY,OPT-0001,OI_ONLY,15,W2,SOLUSDT,2196,0.5331,0.4764,0.6843,0.2456,0.5694,0.0428,0.0328,0.3685,0.3853,0.4055,0.4291,0.4522
OPT-0001_OI_ONLY,OPT-0001,OI_ONLY,15,R2025,BTCUSDT,2189,0.5769,0.3797,0.6165,0.2129,0.5,0.029,0.0183,0.2454,0.2612,0.2841,0.3144,0.3612
OPT-0001_OI_ONLY,OPT-0001,OI_ONLY,15,R2025,ETHUSDT,2189,0.538,0.4173,0.6694,0.238,0.4538,0.0702,0.0594,0.2885,0.3111,0.3414,0.3822,0.4407
OPT-0001_OI_ONLY,OPT-0001,OI_ONLY,15,R2025,SOLUSDT,2189,0.5236,0.4158,0.6755,0.2412,0.3939,0.0444,0.0452,0.3783,0.3927,0.4098,0.4316,0.4572
OPT-0001_FLOW_ONLY,OPT-0001,FLOW_ONLY,16,W1,BTCUSDT,2004,0.5624,0.3365,0.5859,0.1985,0.75,0.0054,0.002,0.24,0.2613,0.2896,0.3214,0.3518
OPT-0001_FLOW_ONLY,OPT-0001,FLOW_ONLY,16,W1,ETHUSDT,2004,0.5444,0.3158,0.6026,0.206,0.4,0.0105,0.0075,0.2997,0.315,0.3321,0.3546,0.3825
OPT-0001_FLOW_ONLY,OPT-0001,FLOW_ONLY,16,W1,SOLUSDT,2004,0.5175,0.4452,0.68,0.2433,0.5132,0.0469,0.0379,0.3529,0.3804,0.4067,0.431,0.4565
OPT-0001_FLOW_ONLY,OPT-0001,FLOW_ONLY,16,W2,BTCUSDT,2196,0.5798,0.4278,0.646,0.2268,0.5,0.0219,0.0155,0.2411,0.2629,0.2928,0.3284,0.3761
OPT-0001_FLOW_ONLY,OPT-0001,FLOW_ONLY,16,W2,ETHUSDT,2196,0.5808,0.4571,0.6539,0.2307,0.6111,0.0269,0.0164,0.2783,0.2947,0.3182,0.3522,0.3957
OPT-0001_FLOW_ONLY,OPT-0001,FLOW_ONLY,16,W2,SOLUSDT,2196,0.5384,0.4799,0.6836,0.2453,0.5893,0.0344,0.0255,0.3748,0.3893,0.4066,0.4265,0.4481
OPT-0001_FLOW_ONLY,OPT-0001,FLOW_ONLY,16,R2025,BTCUSDT,2189,0.5764,0.3753,0.6165,0.213,0.4516,0.0203,0.0142,0.2339,0.2569,0.286,0.318,0.3643
OPT-0001_FLOW_ONLY,OPT-0001,FLOW_ONLY,16,R2025,ETHUSDT,2189,0.5423,0.4193,0.6689,0.2378,0.4409,0.0666,0.058,0.29,0.3103,0.341,0.3818,0.4376
OPT-0001_FLOW_ONLY,OPT-0001,FLOW_ONLY,16,R2025,SOLUSDT,2189,0.5137,0.4097,0.6761,0.2415,0.4074,0.0501,0.0493,0.3758,0.3914,0.4098,0.4319,0.4581
OPT-0001_OI_FLOW,OPT-0001,OI_FLOW,19,W1,BTCUSDT,2004,0.5595,0.3302,0.5872,0.1991,0.6,0.0054,0.0025,0.2242,0.2519,0.2826,0.3207,0.3583
OPT-0001_OI_FLOW,OPT-0001,OI_FLOW,19,W1,ETHUSDT,2004,0.5374,0.3267,0.6019,0.2057,0.5,0.0087,0.005,0.2905,0.3098,0.3315,0.3579,0.3851
OPT-0001_OI_FLOW,OPT-0001,OI_FLOW,19,W1,SOLUSDT,2004,0.5199,0.4463,0.6801,0.2433,0.4881,0.0493,0.0419,0.353,0.3805,0.4081,0.4333,0.4595
OPT-0001_OI_FLOW,OPT-0001,OI_FLOW,19,W2,BTCUSDT,2196,0.5753,0.4215,0.6472,0.2273,0.5135,0.0245,0.0168,0.2327,0.2602,0.2952,0.3364,0.3825
OPT-0001_OI_FLOW,OPT-0001,OI_FLOW,19,W2,ETHUSDT,2196,0.5665,0.4469,0.656,0.2316,0.625,0.0306,0.0182,0.2727,0.2929,0.3191,0.3565,0.3999
OPT-0001_OI_FLOW,OPT-0001,OI_FLOW,19,W2,SOLUSDT,2196,0.5328,0.4744,0.6843,0.2456,0.5062,0.0428,0.0369,0.3686,0.3852,0.4053,0.4278,0.4534
OPT-0001_OI_FLOW,OPT-0001,OI_FLOW,19,R2025,BTCUSDT,2189,0.5756,0.3762,0.6165,0.213,0.4595,0.0247,0.0169,0.2305,0.2538,0.285,0.3188,0.3676
OPT-0001_OI_FLOW,OPT-0001,OI_FLOW,19,R2025,ETHUSDT,2189,0.5398,0.4188,0.6692,0.2379,0.4419,0.0678,0.0589,0.2878,0.3097,0.3404,0.3797,0.4387
OPT-0001_OI_FLOW,OPT-0001,OI_FLOW,19,R2025,SOLUSDT,2189,0.5128,0.4101,0.6764,0.2416,0.4167,0.0513,0.0493,0.374,0.3904,0.4102,0.4326,0.458
OPT-0026_BASE_12,OPT-0026,BASE_12,12,W1,BTCUSDT,2004,0.5791,0.3445,0.5843,0.1979,1.0,0.009,0.0025,0.2443,0.2597,0.2789,0.3049,0.3352
OPT-0026_BASE_12,OPT-0026,BASE_12,12,W1,ETHUSDT,2004,0.5616,0.3258,0.6011,0.2054,0.25,0.0052,0.006,0.3044,0.314,0.329,0.3502,0.3778
OPT-0026_BASE_12,OPT-0026,BASE_12,12,W1,SOLUSDT,2004,0.5384,0.4668,0.677,0.2419,0.6143,0.0517,0.0349,0.3653,0.3876,0.4086,0.4286,0.4526
OPT-0026_BASE_12,OPT-0026,BASE_12,12,W2,BTCUSDT,2196,0.5835,0.4281,0.6469,0.2273,0.5405,0.0258,0.0168,0.2485,0.265,0.2883,0.3193,0.3696
OPT-0026_BASE_12,OPT-0026,BASE_12,12,W2,ETHUSDT,2196,0.5854,0.4612,0.6531,0.2304,0.6571,0.0281,0.0159,0.2805,0.297,0.319,0.3523,0.3948
OPT-0026_BASE_12,OPT-0026,BASE_12,12,W2,SOLUSDT,2196,0.5395,0.4809,0.6837,0.2453,0.6034,0.0365,0.0264,0.3739,0.3894,0.4075,0.4276,0.45
OPT-0026_BASE_12,OPT-0026,BASE_12,12,R2025,BTCUSDT,2189,0.5813,0.3816,0.6163,0.2129,0.4571,0.0232,0.016,0.2502,0.2646,0.2846,0.3141,0.3614
OPT-0026_BASE_12,OPT-0026,BASE_12,12,R2025,ETHUSDT,2189,0.5395,0.4176,0.6694,0.238,0.4427,0.069,0.0598,0.2894,0.311,0.3413,0.3837,0.4389
OPT-0026_BASE_12,OPT-0026,BASE_12,12,R2025,SOLUSDT,2189,0.5244,0.4153,0.6751,0.241,0.4175,0.049,0.0471,0.3793,0.3925,0.4092,0.4306,0.4577
OPT-0026_OI_ONLY,OPT-0026,OI_ONLY,15,W1,BTCUSDT,2004,0.5636,0.3363,0.5863,0.1986,0.5714,0.0072,0.0035,0.225,0.2469,0.2743,0.3066,0.3428
OPT-0026_OI_ONLY,OPT-0026,OI_ONLY,15,W1,ETHUSDT,2004,0.5498,0.333,0.6003,0.2049,0.5,0.0087,0.005,0.294,0.3089,0.329,0.3533,0.3808
OPT-0026_OI_ONLY,OPT-0026,OI_ONLY,15,W1,SOLUSDT,2004,0.5376,0.465,0.6773,0.242,0.5488,0.0541,0.0409,0.3629,0.3875,0.4095,0.4312,0.4569
OPT-0026_OI_ONLY,OPT-0026,OI_ONLY,15,W2,BTCUSDT,2196,0.5775,0.421,0.6479,0.2276,0.5263,0.0258,0.0173,0.2383,0.2606,0.291,0.3289,0.3755
OPT-0026_OI_ONLY,OPT-0026,OI_ONLY,15,W2,ETHUSDT,2196,0.5694,0.4501,0.6552,0.2313,0.6579,0.0306,0.0173,0.276,0.2939,0.3217,0.3576,0.3995
OPT-0026_OI_ONLY,OPT-0026,OI_ONLY,15,W2,SOLUSDT,2196,0.5328,0.4754,0.6844,0.2456,0.5375,0.0449,0.0364,0.3678,0.3847,0.4054,0.4292,0.4531
OPT-0026_OI_ONLY,OPT-0026,OI_ONLY,15,R2025,BTCUSDT,2189,0.5772,0.3797,0.6165,0.2129,0.5,0.029,0.0183,0.2446,0.2609,0.2837,0.3146,0.361
OPT-0026_OI_ONLY,OPT-0026,OI_ONLY,15,R2025,ETHUSDT,2189,0.5375,0.4173,0.6695,0.2381,0.4485,0.0725,0.0621,0.2877,0.3105,0.3414,0.3826,0.4417
OPT-0026_OI_ONLY,OPT-0026,OI_ONLY,15,R2025,SOLUSDT,2189,0.524,0.4159,0.6755,0.2412,0.39,0.0444,0.0457,0.378,0.3924,0.4097,0.4318,0.4574
OPT-0026_FLOW_ONLY,OPT-0026,FLOW_ONLY,16,W1,BTCUSDT,2004,0.5611,0.3357,0.586,0.1986,0.75,0.0054,0.002,0.2384,0.2603,0.2883,0.321,0.3532
OPT-0026_FLOW_ONLY,OPT-0026,FLOW_ONLY,16,W1,ETHUSDT,2004,0.5442,0.3154,0.6027,0.2061,0.3529,0.0105,0.0085,0.2993,0.314,0.3317,0.3548,0.3829
OPT-0026_FLOW_ONLY,OPT-0026,FLOW_ONLY,16,W1,SOLUSDT,2004,0.5171,0.4454,0.6802,0.2434,0.5161,0.0577,0.0464,0.3509,0.3787,0.4068,0.4328,0.4594
OPT-0026_FLOW_ONLY,OPT-0026,FLOW_ONLY,16,W2,BTCUSDT,2196,0.5798,0.4277,0.646,0.2268,0.5,0.0219,0.0155,0.2406,0.2626,0.293,0.3288,0.3768
OPT-0026_FLOW_ONLY,OPT-0026,FLOW_ONLY,16,W2,ETHUSDT,2196,0.5801,0.4573,0.6539,0.2307,0.6111,0.0269,0.0164,0.2773,0.2943,0.3179,0.3527,0.3965
OPT-0026_FLOW_ONLY,OPT-0026,FLOW_ONLY,16,W2,SOLUSDT,2196,0.5379,0.4785,0.6837,0.2453,0.5833,0.0365,0.0273,0.3736,0.3886,0.4062,0.4268,0.4489
OPT-0026_FLOW_ONLY,OPT-0026,FLOW_ONLY,16,R2025,BTCUSDT,2189,0.5763,0.3753,0.6165,0.213,0.4516,0.0203,0.0142,0.2336,0.2564,0.2857,0.318,0.3647
OPT-0026_FLOW_ONLY,OPT-0026,FLOW_ONLY,16,R2025,ETHUSDT,2189,0.5422,0.4189,0.669,0.2378,0.4462,0.069,0.0594,0.2896,0.3098,0.3405,0.3821,0.4375
OPT-0026_FLOW_ONLY,OPT-0026,FLOW_ONLY,16,R2025,SOLUSDT,2189,0.514,0.4098,0.6761,0.2415,0.3964,0.0501,0.0507,0.3754,0.3911,0.4096,0.4319,0.4589
OPT-0026_OI_FLOW,OPT-0026,OI_FLOW,19,W1,BTCUSDT,2004,0.5577,0.3289,0.5875,0.1992,0.5714,0.0072,0.0035,0.2223,0.2499,0.2815,0.3203,0.3596
OPT-0026_OI_FLOW,OPT-0026,OI_FLOW,19,W1,ETHUSDT,2004,0.5368,0.3261,0.602,0.2057,0.5455,0.0105,0.0055,0.2895,0.3085,0.3309,0.3583,0.3855
OPT-0026_OI_FLOW,OPT-0026,OI_FLOW,19,W1,SOLUSDT,2004,0.5192,0.4456,0.6804,0.2434,0.48,0.0577,0.0499,0.3504,0.3795,0.408,0.4348,0.4609
OPT-0026_OI_FLOW,OPT-0026,OI_FLOW,19,W2,BTCUSDT,2196,0.5752,0.4214,0.6472,0.2273,0.5,0.0258,0.0182,0.232,0.2598,0.2953,0.3375,0.3829
OPT-0026_OI_FLOW,OPT-0026,OI_FLOW,19,W2,ETHUSDT,2196,0.5658,0.4466,0.656,0.2316,0.6279,0.033,0.0196,0.272,0.2922,0.3189,0.3567,0.4005
OPT-0026_OI_FLOW,OPT-0026,OI_FLOW,19,W2,SOLUSDT,2196,0.5324,0.4734,0.6844,0.2456,0.5,0.0418,0.0364,0.3678,0.3843,0.4052,0.4279,0.4544
OPT-0026_OI_FLOW,OPT-0026,OI_FLOW,19,R2025,BTCUSDT,2189,0.5756,0.3762,0.6166,0.213,0.4474,0.0247,0.0174,0.2302,0.2531,0.2846,0.3186,0.3675
OPT-0026_OI_FLOW,OPT-0026,OI_FLOW,19,R2025,ETHUSDT,2189,0.5397,0.4186,0.6693,0.2379,0.4351,0.0678,0.0598,0.2871,0.3093,0.3402,0.3809,0.4397
OPT-0026_OI_FLOW,OPT-0026,OI_FLOW,19,R2025,SOLUSDT,2189,0.5135,0.4104,0.6764,0.2416,0.4091,0.0513,0.0503,0.3735,0.3903,0.4099,0.4331,0.4587
OPT-0056_BASE_12,OPT-0056,BASE_12,12,W1,BTCUSDT,2004,0.5762,0.3425,0.5846,0.198,1.0,0.0054,0.0015,0.2428,0.2585,0.2785,0.3051,0.3352
OPT-0056_BASE_12,OPT-0056,BASE_12,12,W1,ETHUSDT,2004,0.5586,0.3238,0.6014,0.2055,0.2857,0.0035,0.0035,0.3031,0.3135,0.3285,0.3504,0.3792
OPT-0056_BASE_12,OPT-0056,BASE_12,12,W1,SOLUSDT,2004,0.5362,0.4644,0.6772,0.2419,0.64,0.0385,0.025,0.3633,0.3864,0.4083,0.4302,0.4583
OPT-0056_BASE_12,OPT-0056,BASE_12,12,W2,BTCUSDT,2196,0.5836,0.4281,0.6469,0.2272,0.5333,0.0206,0.0137,0.2483,0.2647,0.2883,0.3199,0.3702
OPT-0056_BASE_12,OPT-0056,BASE_12,12,W2,ETHUSDT,2196,0.5852,0.4612,0.653,0.2303,0.6296,0.0208,0.0123,0.2799,0.2968,0.3189,0.353,0.3959
OPT-0056_BASE_12,OPT-0056,BASE_12,12,W2,SOLUSDT,2196,0.5386,0.4791,0.6838,0.2453,0.6765,0.024,0.0155,0.3732,0.3886,0.4072,0.4277,0.4506
OPT-0056_BASE_12,OPT-0056,BASE_12,12,R2025,BTCUSDT,2189,0.5813,0.3815,0.6163,0.2129,0.4828,0.0203,0.0132,0.2496,0.2641,0.2844,0.3139,0.3612
OPT-0056_BASE_12,OPT-0056,BASE_12,12,R2025,ETHUSDT,2189,0.5388,0.4171,0.6695,0.2381,0.4423,0.0547,0.0475,0.2889,0.3107,0.3412,0.3844,0.4398
OPT-0056_BASE_12,OPT-0056,BASE_12,12,R2025,SOLUSDT,2189,0.5249,0.4156,0.6751,0.241,0.4138,0.0273,0.0265,0.3791,0.3923,0.4091,0.4306,0.458
OPT-0056_OI_ONLY,OPT-0056,OI_ONLY,15,W1,BTCUSDT,2004,0.5609,0.3335,0.5868,0.1988,0.8,0.0072,0.0025,0.2235,0.246,0.2736,0.3077,0.3444
OPT-0056_OI_ONLY,OPT-0056,OI_ONLY,15,W1,ETHUSDT,2004,0.5474,0.3314,0.6005,0.2051,0.6667,0.007,0.003,0.2922,0.3079,0.3287,0.3542,0.3812
OPT-0056_OI_ONLY,OPT-0056,OI_ONLY,15,W1,SOLUSDT,2004,0.5354,0.4619,0.6776,0.2421,0.5818,0.0385,0.0274,0.3615,0.386,0.4095,0.4327,0.4605
OPT-0056_OI_ONLY,OPT-0056,OI_ONLY,15,W2,BTCUSDT,2196,0.5773,0.4208,0.6479,0.2276,0.5294,0.0232,0.0155,0.2377,0.2605,0.2911,0.3294,0.3763
OPT-0056_OI_ONLY,OPT-0056,OI_ONLY,15,W2,ETHUSDT,2196,0.5692,0.4504,0.6551,0.2312,0.6667,0.0269,0.015,0.2754,0.2937,0.3218,0.3578,0.4003
OPT-0056_OI_ONLY,OPT-0056,OI_ONLY,15,W2,SOLUSDT,2196,0.5325,0.4743,0.6846,0.2457,0.5319,0.0261,0.0214,0.367,0.3838,0.4052,0.4294,0.4538
OPT-0056_OI_ONLY,OPT-0056,OI_ONLY,15,R2025,BTCUSDT,2189,0.5773,0.3801,0.6164,0.2129,0.5,0.0218,0.0137,0.244,0.2606,0.2834,0.3146,0.3611
OPT-0056_OI_ONLY,OPT-0056,OI_ONLY,15,R2025,ETHUSDT,2189,0.5371,0.4169,0.6697,0.2381,0.434,0.0547,0.0484,0.287,0.3098,0.341,0.3834,0.4419
OPT-0056_OI_ONLY,OPT-0056,OI_ONLY,15,R2025,SOLUSDT,2189,0.5244,0.4162,0.6754,0.2412,0.4138,0.0273,0.0265,0.3778,0.3923,0.4095,0.4318,0.4574
OPT-0056_FLOW_ONLY,OPT-0056,FLOW_ONLY,16,W1,BTCUSDT,2004,0.5589,0.3334,0.5862,0.1987,1.0,0.0054,0.0015,0.2372,0.2592,0.2871,0.3206,0.3541
OPT-0056_FLOW_ONLY,OPT-0056,FLOW_ONLY,16,W1,ETHUSDT,2004,0.5436,0.315,0.603,0.2062,0.3333,0.007,0.006,0.2997,0.3137,0.3314,0.3546,0.3833
OPT-0056_FLOW_ONLY,OPT-0056,FLOW_ONLY,16,W1,SOLUSDT,2004,0.5166,0.4453,0.6805,0.2435,0.5254,0.0373,0.0294,0.3484,0.378,0.407,0.4355,0.4637
OPT-0056_FLOW_ONLY,OPT-0056,FLOW_ONLY,16,W2,BTCUSDT,2196,0.5799,0.4279,0.6459,0.2268,0.6071,0.0219,0.0128,0.2403,0.2625,0.2931,0.3292,0.3776
OPT-0056_FLOW_ONLY,OPT-0056,FLOW_ONLY,16,W2,ETHUSDT,2196,0.5793,0.4569,0.6539,0.2307,0.6071,0.0208,0.0128,0.2761,0.2936,0.3175,0.3528,0.3973
OPT-0056_FLOW_ONLY,OPT-0056,FLOW_ONLY,16,W2,SOLUSDT,2196,0.537,0.477,0.6839,0.2454,0.6667,0.0251,0.0164,0.3722,0.3878,0.4056,0.4268,0.4498
OPT-0056_FLOW_ONLY,OPT-0056,FLOW_ONLY,16,R2025,BTCUSDT,2189,0.5764,0.3762,0.6165,0.213,0.4815,0.0189,0.0123,0.2332,0.2564,0.2853,0.3179,0.3647
OPT-0056_FLOW_ONLY,OPT-0056,FLOW_ONLY,16,R2025,ETHUSDT,2189,0.542,0.4189,0.6691,0.2379,0.43,0.0511,0.0457,0.2891,0.3088,0.3402,0.3822,0.4379
OPT-0056_FLOW_ONLY,OPT-0056,FLOW_ONLY,16,R2025,SOLUSDT,2189,0.515,0.4102,0.6761,0.2415,0.4308,0.0319,0.0297,0.3754,0.3909,0.4095,0.4322,0.459
OPT-0056_OI_FLOW,OPT-0056,OI_FLOW,19,W1,BTCUSDT,2004,0.556,0.3263,0.588,0.1994,0.5,0.0036,0.002,0.2201,0.248,0.2805,0.3197,0.3611
OPT-0056_OI_FLOW,OPT-0056,OI_FLOW,19,W1,ETHUSDT,2004,0.5361,0.3252,0.6022,0.2058,0.5714,0.007,0.0035,0.2899,0.3085,0.3309,0.358,0.387
OPT-0056_OI_FLOW,OPT-0056,OI_FLOW,19,W1,SOLUSDT,2004,0.5183,0.443,0.6807,0.2436,0.5441,0.0445,0.0339,0.3486,0.3784,0.4081,0.436,0.4651
OPT-0056_OI_FLOW,OPT-0056,OI_FLOW,19,W2,BTCUSDT,2196,0.5751,0.421,0.6472,0.2272,0.5625,0.0232,0.0146,0.2313,0.2598,0.2955,0.3385,0.3833
OPT-0056_OI_FLOW,OPT-0056,OI_FLOW,19,W2,ETHUSDT,2196,0.5653,0.4466,0.6561,0.2316,0.6364,0.0257,0.015,0.2708,0.2917,0.3191,0.3571,0.4015
OPT-0056_OI_FLOW,OPT-0056,OI_FLOW,19,W2,SOLUSDT,2196,0.532,0.4726,0.6846,0.2457,0.5417,0.0271,0.0219,0.3671,0.3839,0.405,0.4277,0.4543
OPT-0056_OI_FLOW,OPT-0056,OI_FLOW,19,R2025,BTCUSDT,2189,0.5759,0.3767,0.6166,0.213,0.4828,0.0203,0.0132,0.2296,0.2529,0.2843,0.3184,0.3674
OPT-0056_OI_FLOW,OPT-0056,OI_FLOW,19,R2025,ETHUSDT,2189,0.5395,0.4187,0.6694,0.238,0.4286,0.0535,0.048,0.2868,0.3086,0.3399,0.3813,0.4408
OPT-0056_OI_FLOW,OPT-0056,OI_FLOW,19,R2025,SOLUSDT,2189,0.5139,0.4107,0.6764,0.2416,0.4062,0.0296,0.0292,0.373,0.39,0.4101,0.4332,0.4591
