candidate_id,group,description,filter_type,ret_2023_pct,ret_2024_pct,ret_2025_pct,g_week_pct,delta_vs_opt0026_bps,worst_mdd_pct,mdd_2023_pct,mdd_2024_pct,mdd_2025_pct,closed_cycles,buy_entries,wins,losses,win_rate_pct,avg_holding_hours,turnover_usdt,total_fees_usdt,avg_exposure_pct,btc_pnl_usdt,eth_pnl_usdt,sol_pnl_usdt,floor_triggers,stop_triggers,breakeven_triggers
Control_OPT0026,Control,"Baseline OPT-0026 (P >= 0.48, no extra filter)",none,7.15886387682535,17.4087546859815,-2.6987709139108,0.12929338611045732,0.0,11.507333415804847,4.667707873836642,4.17910537304477,11.507333415804847,225,225,129,104,57.333333333333336,5.632483868332925,10685.3601289287,10.6853601289287,1.6949265602651244,-0.5122741229397001,3.749412931296,11.360155941915,0,6,17
B1_Hesitation_0.51,Margin_Zone,"Hesitation zone filter: exclude [0.48, 0.51), P >= 0.51 required",threshold,5.7637324120676,11.71422724802485,-1.1761111012988001,0.09904799819528849,-3.0245387915168833,11.355106544897414,2.7275077191436514,3.2240528626088545,11.355106544897414,119,119,69,52,57.98319327731093,8.65761106374917,5722.8720249741,5.7228720249741,1.3812110508264006,-1.1706050283065998,2.9419718078774997,9.439972034055,0,3,14
D1_CrossSymbol_AnyHigh,Cross_Symbol,Cross-symbol filter: at least one symbol must have P >= 0.52,cross_any_high,5.20801049318855,15.411634836591501,-3.91194282004265,0.09854832524338958,-3.074506086706776,13.750998442543194,2.7181663625855643,3.170220083809996,13.750998442543194,113,113,66,49,58.4070796460177,5.234352569623887,5133.67684242965,5.13367684242965,2.1868678518932163,-0.82692648579315,4.5573346621035,8.102012376809999,0,4,12
A1_Confidence_0.50,Confidence,Confidence filter: P >= 0.50 required for entry,threshold,5.064268113370099,13.6995916543419,-2.43683381002745,0.0978593150669422,-3.143407104351512,11.213893135877644,3.634349241243276,2.975806061118977,11.213893135877644,151,151,87,67,57.615894039735096,5.591877771702812,7026.9267569656495,7.026926756965651,1.3524973037283876,-0.7498011680206499,1.55175248346,10.082721892844999,0,5,15
A2_Confidence_0.52,Confidence,Confidence filter: P >= 0.52 required for entry,threshold,5.20801049318855,11.682951258789801,-3.83128430128065,0.07808790625385656,-5.120547985660076,10.63502888618343,2.7181663625855643,3.1266953649624942,10.63502888618343,95,95,54,43,56.84210526315789,5.2079059829059835,4507.4105931151,4.5074105931151,1.73196820558186,-1.6281058134141,1.893832601094,8.228923308705001,0,4,14
C2_Regime_PositiveBTCMom,Regime,Market regime filter: only trade when BTC 72h momentum > 0,regime_btc_mom,4.5712863445725995,3.6654081541595502,1.2874255151088,0.059737174153475465,-6.955621195698186,9.574163815463809,4.939217342242346,3.699658149323027,9.574163815463809,118,119,67,52,56.779661016949156,5.208974995860242,6830.69947404565,6.83069947404565,1.3374667732398746,-4.569980768229151,3.8764425031935,4.80959416344,0,2,8
C1_Regime_FavorableOnly,Regime,Market regime filter: only trade when BTC allow_buy is True,regime_favorable,2.91709771482585,11.21909583690455,-6.51928658270065,0.043236103907505645,-8.605728220295168,11.983158251514658,3.6778901421788497,2.908310972786373,11.983158251514658,126,126,66,60,52.38095238095239,5.103622619892653,7402.69302534005,7.40269302534005,1.3742961070932684,-3.12688063001055,4.8152546282355,0.35510307688500076,0,4,9
D2_CrossSymbol_Consensus2,Cross_Symbol,Cross-symbol filter: at least 2 symbols must have P >= 0.48,cross_consensus,1.0624221058717,13.2286589348098,-7.05327300329605,0.03939744385991566,-8.989594225054168,18.16244190844555,0.6141996391834931,2.0177599009375378,18.16244190844555,86,86,47,42,54.65116279069767,4.678393957463725,3961.53816509855,3.96153816509855,2.7824838794114384,1.11920412437145,1.6316822349749998,0.05440710610499977,0,5,7
A3_Confidence_0.54,Confidence,Confidence filter: P >= 0.54 required for entry,threshold,1.2056821711205,2.96614345365455,-9.0339005793761,-0.03414896499396504,-16.344235110442238,16.93399043405929,2.7817283071089354,2.98968047991125,16.93399043405929,50,50,24,28,48.0,5.720154397573752,2664.49743759455,2.6644974375945503,2.1657292045532244,-1.6895622375595498,-2.53855165683,-4.2740202356550006,0,3,3
D3_CrossSymbol_BTCAligned,Cross_Symbol,Cross-symbol filter: altcoins require BTC P >= 0.45 to trade,cross_btc_aligned,1.78317586065605,3.6339694962094002,-11.23897704621915,-0.042056912626677434,-17.135029873713478,17.193262679680497,0.771278875445961,3.749812043110185,17.193262679680497,68,68,35,35,51.470588235294116,4.764516129032258,3469.8750523311,3.4698750523311,2.2627145663297905,-1.9198766853936,-1.6593880217325,-6.035408968905,0,4,5
