candidate_id,group,avoided_count,avoided_losers,avoided_winners,avoided_gross_pnl,avoided_fees,avoided_net_pnl
Control_OPT0026,Control,0,0,0,0.0,0.0,0.0
A1_Confidence_0.50,Confidence,100,43,57,28.0011979866,4.3789173314679,23.622280655132098
A2_Confidence_0.52,Confidence,156,65,91,45.3901486262,6.8751627337289,38.514985892471095
A3_Confidence_0.54,Confidence,193,80,113,51.788858393000005,8.4155080156868,43.3733503773132
B1_Hesitation_0.51,Margin_Zone,132,57,75,29.8843543652,5.6702409098585,24.214113455341497
C1_Regime_FavorableOnly,Regime,112,48,64,71.9578161806,3.474382791287,68.48343338931299
C2_Regime_PositiveBTCMom,Regime,118,55,63,30.9576775208,4.0531744662635,26.9045030545365
D1_CrossSymbol_AnyHigh,Cross_Symbol,135,58,77,40.2645224461,6.1127570473441,34.1517653987559
D2_CrossSymbol_Consensus2,Cross_Symbol,160,69,91,33.901055783900006,7.1479568946782,26.7530988892218
D3_CrossSymbol_BTCAligned,Cross_Symbol,177,73,104,55.665068353150005,7.61669855698375,48.04836979616625
