category,symbol,fold,ctrl_entry,ctrl_exit,ctrl_duration,ctrl_notional,ctrl_pnl,ctrl_ret_pct,ctrl_exit_reason,chal_entry,chal_exit,chal_duration,chal_notional,chal_pnl,chal_ret_pct,chal_exit_reason,delta_pnl
IDENTICAL,BTCUSDT,R2025,2025-01-07 16:00:00+00:00,2025-01-07 20:00:00+00:00,4.0,29.400370839,-1.5006367399504512,-5.0990431738346516,strategy_exit,2025-01-07 16:00:00+00:00,2025-01-07 20:00:00+00:00,4.0,29.400370839,-1.5006367399504512,-5.0990431738346516,strategy_exit,0.0
IDENTICAL,BTCUSDT,R2025,2025-01-20 00:00:00+00:00,2025-01-20 04:00:00+00:00,4.0,28.3870260198,0.07154980425179858,0.2517992757537068,strategy_exit,2025-01-20 00:00:00+00:00,2025-01-20 04:00:00+00:00,4.0,28.3870260198,0.07154980425179858,0.2517992757537068,strategy_exit,0.0
IDENTICAL,BTCUSDT,R2025,2025-01-20 08:00:00+00:00,2025-01-20 12:00:00+00:00,4.0,28.93703678775,0.21478521580290177,0.74150869949676,strategy_exit,2025-01-20 08:00:00+00:00,2025-01-20 12:00:00+00:00,4.0,28.93703678775,0.21478521580290177,0.74150869949676,strategy_exit,0.0
IDENTICAL,BTCUSDT,R2025,2025-01-20 16:00:00+00:00,2025-01-20 18:00:00+00:00,2.0,28.35282662865,-0.6227719957818003,-2.1943133010491223,breakeven_exit,2025-01-20 16:00:00+00:00,2025-01-20 18:00:00+00:00,2.0,28.35282662865,-0.6227719957818003,-2.1943133010491223,breakeven_exit,0.0
IDENTICAL,BTCUSDT,R2025,2025-01-21 00:00:00+00:00,2025-01-21 04:00:00+00:00,4.0,27.6240051,0.09941840721134554,0.3595390594654296,strategy_exit,2025-01-21 00:00:00+00:00,2025-01-21 04:00:00+00:00,4.0,27.6240051,0.09941840721134554,0.3595390594654296,strategy_exit,0.0
IDENTICAL,BTCUSDT,R2025,2025-03-02 16:00:00+00:00,2025-03-02 20:00:00+00:00,4.0,27.11623134,1.8050022899215534,6.649888283593331,strategy_exit,2025-03-02 16:00:00+00:00,2025-03-02 20:00:00+00:00,4.0,27.11623134,1.8050022899215534,6.649888283593331,strategy_exit,0.0
IDENTICAL,BTCUSDT,R2025,2025-03-03 16:00:00+00:00,2025-03-06 02:00:00+00:00,58.0,27.024119307,-1.2681550774529988,-4.687990660756059,stop_loss,2025-03-03 16:00:00+00:00,2025-03-06 02:00:00+00:00,58.0,27.024119307,-1.2681550774529988,-4.687990660756059,stop_loss,0.0
IDENTICAL,BTCUSDT,R2025,2025-03-07 04:00:00+00:00,2025-03-07 08:00:00+00:00,4.0,26.9807742453,0.34437776370915074,1.2751069589454112,strategy_exit,2025-03-07 04:00:00+00:00,2025-03-07 08:00:00+00:00,4.0,26.9807742453,0.34437776370915074,1.2751069589454112,strategy_exit,0.0
IDENTICAL,BTCUSDT,R2025,2025-04-10 16:00:00+00:00,2025-04-10 20:00:00+00:00,4.0,26.7908503308,0.2218580002220989,0.827283796973914,strategy_exit,2025-04-10 16:00:00+00:00,2025-04-10 20:00:00+00:00,4.0,26.7908503308,0.2218580002220989,0.827283796973914,strategy_exit,0.0
ADDED_CYCLE,BTCUSDT,R2025,,,,0.0,0.0,0.0,,2025-10-22 00:00:00+00:00,2025-10-22 04:00:00+00:00,4.0,28.1714702958,-0.10566414971189886,-0.37470032629612343,strategy_exit,-0.10566414971189886
IDENTICAL,BTCUSDT,R2025,2025-12-12 16:00:00+00:00,2025-12-12 20:00:00+00:00,4.0,27.89383024515,-0.0022009716195015017,-0.007882649415051757,strategy_exit,2025-12-12 16:00:00+00:00,2025-12-12 20:00:00+00:00,4.0,27.89383024515,-0.0022009716195015017,-0.007882649415051757,strategy_exit,0.0
IDENTICAL,ETHUSDT,R2025,2025-01-07 16:00:00+00:00,2025-01-07 20:00:00+00:00,4.0,29.793679395,-1.088346105254999,-3.649293637062682,strategy_exit,2025-01-07 16:00:00+00:00,2025-01-07 20:00:00+00:00,4.0,29.793679395,-1.088346105254999,-3.649293637062682,strategy_exit,0.0
IDENTICAL,ETHUSDT,R2025,2025-01-18 04:00:00+00:00,2025-01-18 08:00:00+00:00,4.0,29.117639544,-0.9154496026920036,-3.1408283155728154,strategy_exit,2025-01-18 04:00:00+00:00,2025-01-18 08:00:00+00:00,4.0,29.117639544,-0.9154496026920036,-3.1408283155728154,strategy_exit,0.0
IDENTICAL,ETHUSDT,R2025,2025-01-20 00:00:00+00:00,2025-01-20 04:00:00+00:00,4.0,28.9512684,0.42631900694999914,1.4710689284900655,strategy_exit,2025-01-20 00:00:00+00:00,2025-01-20 04:00:00+00:00,4.0,28.9512684,0.42631900694999914,1.4710689284900655,strategy_exit,0.0
IDENTICAL,ETHUSDT,R2025,2025-01-20 08:00:00+00:00,2025-01-20 12:00:00+00:00,4.0,29.781587352,-0.15221363150399725,-0.5105892044530373,strategy_exit,2025-01-20 08:00:00+00:00,2025-01-20 12:00:00+00:00,4.0,29.781587352,-0.15221363150399725,-0.5105892044530373,strategy_exit,0.0
IDENTICAL,ETHUSDT,R2025,2025-01-20 16:00:00+00:00,2025-01-21 00:00:00+00:00,8.0,29.7044437995,-0.5504638960440005,-1.851285234538527,strategy_exit,2025-01-20 16:00:00+00:00,2025-01-21 00:00:00+00:00,8.0,29.7044437995,-0.5504638960440005,-1.851285234538527,strategy_exit,0.0
IDENTICAL,ETHUSDT,R2025,2025-01-27 00:00:00+00:00,2025-01-27 04:00:00+00:00,4.0,29.108036745,-0.5277090555449995,-1.811121369296348,strategy_exit,2025-01-27 00:00:00+00:00,2025-01-27 04:00:00+00:00,4.0,29.108036745,-0.5277090555449995,-1.811121369296348,strategy_exit,0.0
IDENTICAL,ETHUSDT,R2025,2025-02-04 16:00:00+00:00,2025-02-04 20:00:00+00:00,4.0,28.619256477,-0.15348723488700244,-0.5357717839708517,breakeven_exit,2025-02-04 16:00:00+00:00,2025-02-04 20:00:00+00:00,4.0,28.619256477,-0.15348723488700244,-0.5357717839708517,breakeven_exit,0.0
IDENTICAL,ETHUSDT,R2025,2025-02-06 16:00:00+00:00,2025-02-06 20:00:00+00:00,4.0,28.693381521,-0.2554886518529962,-0.8895201781907873,strategy_exit,2025-02-06 16:00:00+00:00,2025-02-06 20:00:00+00:00,4.0,28.693381521,-0.2554886518529962,-0.8895201781907873,strategy_exit,0.0
IDENTICAL,ETHUSDT,R2025,2025-02-17 16:00:00+00:00,2025-02-17 20:00:00+00:00,4.0,28.673713692,-0.4804817055480015,-1.6740130315874582,strategy_exit,2025-02-17 16:00:00+00:00,2025-02-17 20:00:00+00:00,4.0,28.673713692,-0.4804817055480015,-1.6740130315874582,strategy_exit,0.0
IDENTICAL,ETHUSDT,R2025,2025-02-21 16:00:00+00:00,2025-02-22 00:00:00+00:00,8.0,28.608947325,-0.7179845415749995,-2.507143188990785,strategy_exit,2025-02-21 16:00:00+00:00,2025-02-22 00:00:00+00:00,8.0,28.608947325,-0.7179845415749995,-2.507143188990785,strategy_exit,0.0
IDENTICAL,ETHUSDT,R2025,2025-03-02 16:00:00+00:00,2025-03-02 20:00:00+00:00,4.0,28.3289343885,2.9246510035575,10.313586929232606,strategy_exit,2025-03-02 16:00:00+00:00,2025-03-02 20:00:00+00:00,4.0,28.3289343885,2.9246510035575,10.313586929232606,strategy_exit,0.0
IDENTICAL,ETHUSDT,R2025,2025-03-03 00:00:00+00:00,2025-03-03 15:00:00+00:00,15.0,29.476735002,-2.930727520305002,-9.9325780836506,stop_loss,2025-03-03 00:00:00+00:00,2025-03-03 15:00:00+00:00,15.0,29.476735002,-2.930727520305002,-9.9325780836506,stop_loss,0.0
IDENTICAL,ETHUSDT,R2025,2025-03-03 20:00:00+00:00,2025-03-04 02:00:00+00:00,6.0,27.442024155,-0.7751843669699987,-2.8219855526651685,breakeven_exit,2025-03-03 20:00:00+00:00,2025-03-04 02:00:00+00:00,6.0,27.442024155,-0.7751843669699987,-2.8219855526651685,breakeven_exit,0.0
IDENTICAL,ETHUSDT,R2025,2025-03-07 04:00:00+00:00,2025-03-07 08:00:00+00:00,4.0,27.50686656,0.4863943328640019,1.7664986427285825,strategy_exit,2025-03-07 04:00:00+00:00,2025-03-07 08:00:00+00:00,4.0,27.50686656,0.4863943328640019,1.7664986427285825,strategy_exit,0.0
IDENTICAL,ETHUSDT,R2025,2025-03-16 12:00:00+00:00,2025-03-16 16:00:00+00:00,4.0,27.9367103745,0.2286625594500009,0.8176844097334588,strategy_exit,2025-03-16 12:00:00+00:00,2025-03-16 16:00:00+00:00,4.0,27.9367103745,0.2286625594500009,0.8176844097334588,strategy_exit,0.0
IDENTICAL,ETHUSDT,R2025,2025-04-03 00:00:00+00:00,2025-04-03 04:00:00+00:00,4.0,28.019278638,0.37175571622800163,1.3254600045000116,strategy_exit,2025-04-03 00:00:00+00:00,2025-04-03 04:00:00+00:00,4.0,28.019278638,0.37175571622800163,1.3254600045000116,strategy_exit,0.0
IDENTICAL,ETHUSDT,R2025,2025-04-10 04:00:00+00:00,2025-04-10 12:00:00+00:00,8.0,28.31164875,-0.47280994425000245,-1.6683507584253958,strategy_exit,2025-04-10 04:00:00+00:00,2025-04-10 12:00:00+00:00,8.0,28.31164875,-0.47280994425000245,-1.6683507584253958,strategy_exit,0.0
IDENTICAL,ETHUSDT,R2025,2025-04-10 16:00:00+00:00,2025-04-10 20:00:00+00:00,4.0,27.6892827225,0.10987896909750106,0.3964320816747132,strategy_exit,2025-04-10 16:00:00+00:00,2025-04-10 20:00:00+00:00,4.0,27.6892827225,0.10987896909750106,0.3964320816747132,strategy_exit,0.0
IDENTICAL,ETHUSDT,R2025,2025-04-13 20:00:00+00:00,2025-04-14 00:00:00+00:00,4.0,27.8432896875,0.04773980321250093,0.17128763029323538,strategy_exit,2025-04-13 20:00:00+00:00,2025-04-14 00:00:00+00:00,4.0,27.8432896875,0.04773980321250093,0.17128763029323538,strategy_exit,0.0
IDENTICAL,ETHUSDT,R2025,2025-04-14 16:00:00+00:00,2025-04-14 20:00:00+00:00,4.0,27.851692887,0.06400913587199852,0.2295917556636715,strategy_exit,2025-04-14 16:00:00+00:00,2025-04-14 20:00:00+00:00,4.0,27.851692887,0.06400913587199852,0.2295917556636715,strategy_exit,0.0
ADDED_CYCLE,ETHUSDT,R2025,,,,0.0,0.0,0.0,,2025-04-22 16:00:00+00:00,2025-04-22 20:00:00+00:00,4.0,28.11354975,-0.16305023443500133,-0.5793908934886938,strategy_exit,-0.16305023443500133
ENTRY_SHIFT,ETHUSDT,R2025,2025-05-09 12:00:00+00:00,2025-05-10 16:00:00+00:00,28.0,27.9943411755,0.8924157014115011,3.1846585409715167,strategy_exit,2025-05-09 16:00:00+00:00,2025-05-10 16:00:00+00:00,24.0,28.089653808,1.525951064297999,5.42700400681399,strategy_exit,0.6335353628864979
IDENTICAL,ETHUSDT,R2025,2025-05-11 08:00:00+00:00,2025-05-11 12:00:00+00:00,4.0,28.208805354,0.569363808464999,2.016373987886348,strategy_exit,2025-05-11 08:00:00+00:00,2025-05-11 12:00:00+00:00,4.0,28.456251015,0.5743582278375001,2.016373987886352,strategy_exit,0.004994419372501113
IDENTICAL,ETHUSDT,R2025,2025-05-11 16:00:00+00:00,2025-05-11 20:00:00+00:00,4.0,28.57986279,0.44096434572600174,1.5413783653931168,strategy_exit,2025-05-11 16:00:00+00:00,2025-05-11 20:00:00+00:00,4.0,28.57986279,0.44096434572600174,1.5413783653931168,strategy_exit,0.0
IDENTICAL,ETHUSDT,R2025,2025-05-12 08:00:00+00:00,2025-05-12 12:00:00+00:00,4.0,28.627842768,-0.3564741835199996,-1.2439570397969744,strategy_exit,2025-05-12 08:00:00+00:00,2025-05-12 12:00:00+00:00,4.0,28.883448507,-0.6123355282589991,-2.117904322630628,strategy_exit,-0.25586134473899946
IDENTICAL,ETHUSDT,R2025,2025-05-18 20:00:00+00:00,2025-05-19 00:00:00+00:00,4.0,28.67190879,0.7290273321120004,2.540113525099288,strategy_exit,2025-05-18 20:00:00+00:00,2025-05-19 00:00:00+00:00,4.0,28.43096838,0.9702086825219993,3.409097538023854,strategy_exit,0.24118135040999888
IDENTICAL,ETHUSDT,R2025,2025-05-19 04:00:00+00:00,2025-05-19 08:00:00+00:00,4.0,28.876803186,0.1359606724410014,0.470359709551431,strategy_exit,2025-05-19 04:00:00+00:00,2025-05-19 08:00:00+00:00,4.0,29.115454452,0.1370843143619993,0.4703597095514238,strategy_exit,0.0011236419209978976
IDENTICAL,ETHUSDT,R2025,2025-05-23 12:00:00+00:00,2025-05-23 16:00:00+00:00,4.0,29.019116307,-0.0672684946125024,-0.2315759467250658,strategy_exit,2025-05-23 12:00:00+00:00,2025-05-23 16:00:00+00:00,4.0,29.275922646,-0.06786379102500106,-0.2315759467250612,strategy_exit,-0.0005952964124986693
IDENTICAL,ETHUSDT,R2025,2025-06-17 00:00:00+00:00,2025-06-17 04:00:00+00:00,4.0,29.2725839775,0.6382807810724991,2.178294674719119,strategy_exit,2025-06-17 00:00:00+00:00,2025-06-17 04:00:00+00:00,4.0,29.2725839775,0.6382807810724991,2.178294674719119,strategy_exit,0.0
IDENTICAL,ETHUSDT,R2025,2025-06-17 16:00:00+00:00,2025-06-17 20:00:00+00:00,4.0,29.503062159,0.257345724164999,0.8713964474058632,strategy_exit,2025-06-17 16:00:00+00:00,2025-06-17 20:00:00+00:00,4.0,29.7530881095,0.25952662013250105,0.87139644740587,strategy_exit,0.002180895967502039
IDENTICAL,ETHUSDT,R2025,2025-07-18 08:00:00+00:00,2025-07-18 12:00:00+00:00,4.0,29.928987015,-0.0389393830605016,-0.1299759412452793,strategy_exit,2025-07-18 08:00:00+00:00,2025-07-18 12:00:00+00:00,4.0,29.928987015,-0.0389393830605016,-0.1299759412452793,strategy_exit,0.0
IDENTICAL,ETHUSDT,R2025,2025-08-14 16:00:00+00:00,2025-08-14 20:00:00+00:00,4.0,30.0376663275,-0.6172712364974977,-2.052937718903363,strategy_exit,2025-08-14 16:00:00+00:00,2025-08-14 20:00:00+00:00,4.0,30.0376663275,-0.6172712364974977,-2.052937718903363,strategy_exit,0.0
IDENTICAL,ETHUSDT,R2025,2025-08-23 04:00:00+00:00,2025-08-23 08:00:00+00:00,4.0,29.5909570845,0.032427546668998275,0.1094765249565032,strategy_exit,2025-08-23 04:00:00+00:00,2025-08-23 08:00:00+00:00,4.0,29.5909570845,0.032427546668998275,0.1094765249565032,strategy_exit,0.0
IDENTICAL,ETHUSDT,R2025,2025-08-24 20:00:00+00:00,2025-08-25 00:00:00+00:00,4.0,29.855582331,-0.29294848986600286,-0.9802382374839731,strategy_exit,2025-08-24 20:00:00+00:00,2025-08-25 00:00:00+00:00,4.0,29.855582331,-0.29294848986600286,-0.9802382374839731,strategy_exit,0.0
IDENTICAL,ETHUSDT,R2025,2025-08-29 08:00:00+00:00,2025-08-29 12:00:00+00:00,4.0,29.805899502,-0.3239607194700014,-1.0858155190582235,strategy_exit,2025-08-29 08:00:00+00:00,2025-08-29 12:00:00+00:00,4.0,29.805899502,-0.7579569647940012,-2.5404358790720725,strategy_exit,-0.43399624532399983
IDENTICAL,ETHUSDT,R2025,2025-10-07 16:00:00+00:00,2025-10-07 20:00:00+00:00,4.0,29.3425989675,-0.7462582401314997,-2.540718115085269,strategy_exit,2025-10-07 16:00:00+00:00,2025-10-07 20:00:00+00:00,4.0,28.891174368,-0.29438221603200176,-1.0179168356334833,strategy_exit,0.4518760240994979
IDENTICAL,ETHUSDT,R2025,2025-10-14 08:00:00+00:00,2025-10-14 12:00:00+00:00,4.0,29.0772183435,-0.1552678220909982,-0.5334509909070821,strategy_exit,2025-10-14 08:00:00+00:00,2025-10-14 12:00:00+00:00,4.0,29.0772183435,-0.1552678220909982,-0.5334509909070821,strategy_exit,0.0
IDENTICAL,ETHUSDT,R2025,2025-10-14 20:00:00+00:00,2025-10-15 00:00:00+00:00,4.0,28.73508036,0.06795639217499527,0.23625652972186065,strategy_exit,2025-10-14 20:00:00+00:00,2025-10-15 00:00:00+00:00,4.0,28.73508036,0.06795639217499527,0.23625652972186065,strategy_exit,0.0
IDENTICAL,ETHUSDT,R2025,2025-10-22 00:00:00+00:00,2025-10-22 04:00:00+00:00,4.0,29.0623239,-0.1879420254749995,-0.6460401165778615,strategy_exit,2025-10-22 00:00:00+00:00,2025-10-22 04:00:00+00:00,4.0,29.0623239,-0.1879420254749995,-0.6460401165778615,strategy_exit,0.0
IDENTICAL,ETHUSDT,R2025,2025-10-28 20:00:00+00:00,2025-10-29 00:00:00+00:00,4.0,28.6938667635,-0.5126758776390012,-1.7849239983806344,strategy_exit,2025-10-28 20:00:00+00:00,2025-10-29 00:00:00+00:00,4.0,28.6938667635,-0.5126758776390012,-1.7849239983806344,strategy_exit,0.0
IDENTICAL,ETHUSDT,R2025,2025-12-04 20:00:00+00:00,2025-12-05 00:00:00+00:00,4.0,28.711540596,0.04251528840000063,0.14792942037507173,strategy_exit,2025-12-04 20:00:00+00:00,2025-12-05 00:00:00+00:00,4.0,28.711540596,0.04251528840000063,0.14792942037507173,strategy_exit,0.0
IDENTICAL,ETHUSDT,R2025,2025-12-12 16:00:00+00:00,2025-12-12 20:00:00+00:00,4.0,28.57830201,-0.06396269211900218,-0.223591987037289,strategy_exit,2025-12-12 16:00:00+00:00,2025-12-12 20:00:00+00:00,4.0,28.88559558,-0.06465046300199973,-0.22359198703728045,strategy_exit,-0.0006877708829975404
ADDED_CYCLE,ETHUSDT,R2025,,,,0.0,0.0,0.0,,2025-12-19 16:00:00+00:00,2025-12-19 20:00:00+00:00,4.0,28.7747832015,0.10771845164549987,0.3739762001024756,strategy_exit,0.10771845164549987
REMOVED_CYCLE,ETHUSDT,R2025,2025-07-11 16:00:00+00:00,2025-07-11 20:00:00+00:00,4.0,29.52565545,0.47571993254999967,0.0,strategy_exit,,,,0.0,0.0,,,-0.47571993254999967
IDENTICAL,SOLUSDT,R2025,2025-01-19 04:00:00+00:00,2025-01-19 08:00:00+00:00,4.0,29.1529692,1.4536305316800018,4.9812365367115845,strategy_exit,2025-01-19 04:00:00+00:00,2025-01-19 08:00:00+00:00,4.0,29.1529692,1.4536305316800018,4.9812365367115845,strategy_exit,0.0
IDENTICAL,SOLUSDT,R2025,2025-01-19 16:00:00+00:00,2025-01-19 22:00:00+00:00,6.0,29.50796661,-1.761297502665002,-5.962925158333373,breakeven_exit,2025-01-19 16:00:00+00:00,2025-01-19 22:00:00+00:00,6.0,29.50796661,-1.761297502665002,-5.962925158333373,breakeven_exit,0.0
IDENTICAL,SOLUSDT,R2025,2025-01-20 04:00:00+00:00,2025-01-21 00:00:00+00:00,20.0,29.22158349,0.00903390839999929,0.03088430686711841,breakeven_exit,2025-01-20 04:00:00+00:00,2025-01-21 00:00:00+00:00,20.0,29.22158349,0.00903390839999929,0.03088430686711841,breakeven_exit,0.0
IDENTICAL,SOLUSDT,R2025,2025-01-21 04:00:00+00:00,2025-01-21 16:00:00+00:00,12.0,29.03465007,0.28448161605000166,0.9788215733483793,strategy_exit,2025-01-21 04:00:00+00:00,2025-01-21 16:00:00+00:00,12.0,29.03465007,0.28448161605000166,0.9788215733483793,strategy_exit,0.0
IDENTICAL,SOLUSDT,R2025,2025-01-23 04:00:00+00:00,2025-01-23 08:00:00+00:00,4.0,29.12883714,-0.007902140220004128,-0.027101136705487097,strategy_exit,2025-01-23 04:00:00+00:00,2025-01-23 08:00:00+00:00,4.0,29.12883714,-0.007902140220004128,-0.027101136705487097,strategy_exit,0.0
IDENTICAL,SOLUSDT,R2025,2025-01-27 00:00:00+00:00,2025-01-27 04:00:00+00:00,4.0,29.113839645,-0.6527287331399982,-2.239748052591552,strategy_exit,2025-01-27 00:00:00+00:00,2025-01-27 04:00:00+00:00,4.0,29.113839645,-0.6527287331399982,-2.239748052591552,strategy_exit,0.0
IDENTICAL,SOLUSDT,R2025,2025-02-21 20:00:00+00:00,2025-02-22 00:00:00+00:00,4.0,28.30870728,0.0023453236800001775,0.00827653723685286,strategy_exit,2025-02-21 20:00:00+00:00,2025-02-22 00:00:00+00:00,4.0,28.30870728,0.0023453236800001775,0.00827653723685286,strategy_exit,0.0
IDENTICAL,SOLUSDT,R2025,2025-03-03 04:00:00+00:00,2025-03-03 15:00:00+00:00,11.0,29.57564043,-2.806241480819999,-9.478875189237016,stop_loss,2025-03-03 04:00:00+00:00,2025-03-03 15:00:00+00:00,11.0,29.57564043,-2.806241480819999,-9.478875189237016,stop_loss,0.0
IDENTICAL,SOLUSDT,R2025,2025-03-03 20:00:00+00:00,2025-03-03 22:00:00+00:00,2.0,27.53654139,-0.4777348978799978,-1.7331793179120019,breakeven_exit,2025-03-03 20:00:00+00:00,2025-03-03 22:00:00+00:00,2.0,27.53654139,-0.4777348978799978,-1.7331793179120019,breakeven_exit,0.0
IDENTICAL,SOLUSDT,R2025,2025-03-04 04:00:00+00:00,2025-03-06 11:00:00+00:00,55.0,27.155180805,0.9238554883949988,3.398734710944082,strategy_exit,2025-03-04 04:00:00+00:00,2025-03-06 11:00:00+00:00,55.0,27.155180805,0.9238554883949988,3.398734710944082,strategy_exit,0.0
IDENTICAL,SOLUSDT,R2025,2025-03-07 04:00:00+00:00,2025-03-07 08:00:00+00:00,4.0,27.60863742,0.6119721278999997,2.2143822523091647,strategy_exit,2025-03-07 04:00:00+00:00,2025-03-07 08:00:00+00:00,4.0,27.60863742,0.6119721278999997,2.2143822523091647,strategy_exit,0.0
IDENTICAL,SOLUSDT,R2025,2025-03-16 12:00:00+00:00,2025-03-16 16:00:00+00:00,4.0,28.07675136,-0.33221568420000125,-1.1820591212430127,strategy_exit,2025-03-16 12:00:00+00:00,2025-03-16 16:00:00+00:00,4.0,28.07675136,-0.33221568420000125,-1.1820591212430127,strategy_exit,0.0
IDENTICAL,SOLUSDT,R2025,2025-04-03 00:00:00+00:00,2025-04-03 04:00:00+00:00,4.0,28.07741169,0.36653298570000103,1.30413309789354,strategy_exit,2025-04-03 00:00:00+00:00,2025-04-03 04:00:00+00:00,4.0,28.07741169,0.36653298570000103,1.30413309789354,strategy_exit,0.0
IDENTICAL,SOLUSDT,R2025,2025-04-10 04:00:00+00:00,2025-04-10 20:00:00+00:00,16.0,28.196091,-1.0980639475200036,-3.890493120267856,strategy_exit,2025-04-10 04:00:00+00:00,2025-04-10 20:00:00+00:00,16.0,28.196091,-1.0980639475200036,-3.890493120267856,strategy_exit,0.0
IDENTICAL,SOLUSDT,R2025,2025-04-13 20:00:00+00:00,2025-04-14 00:00:00+00:00,4.0,27.96593598,-0.049028182560000744,-0.1751387952531675,strategy_exit,2025-04-13 20:00:00+00:00,2025-04-14 00:00:00+00:00,4.0,27.96593598,-0.049028182560000744,-0.1751387952531675,strategy_exit,0.0
IDENTICAL,SOLUSDT,R2025,2025-04-14 16:00:00+00:00,2025-04-14 20:00:00+00:00,4.0,27.9635748,0.41233605346500113,1.4730739266414015,strategy_exit,2025-04-14 16:00:00+00:00,2025-04-14 20:00:00+00:00,4.0,27.9635748,0.41233605346500113,1.4730739266414015,strategy_exit,0.0
IDENTICAL,SOLUSDT,R2025,2025-05-18 20:00:00+00:00,2025-05-19 00:00:00+00:00,4.0,28.67641104,1.0578160527599998,3.685116983406628,strategy_exit,2025-05-18 20:00:00+00:00,2025-05-19 00:00:00+00:00,4.0,28.67641104,1.0578160527599998,3.685116983406628,strategy_exit,0.0
IDENTICAL,SOLUSDT,R2025,2025-05-23 12:00:00+00:00,2025-05-23 16:00:00+00:00,4.0,29.369827575,0.18625259236500114,0.6335295137978418,strategy_exit,2025-05-23 12:00:00+00:00,2025-05-23 16:00:00+00:00,4.0,29.369827575,0.18625259236500114,0.6335295137978418,strategy_exit,0.0
IDENTICAL,SOLUSDT,R2025,2025-05-24 00:00:00+00:00,2025-05-24 04:00:00+00:00,4.0,29.246616,0.09850437324000438,0.33646958428534657,strategy_exit,2025-05-24 00:00:00+00:00,2025-05-24 04:00:00+00:00,4.0,29.420703,0.09909070879499993,0.33646958428533136,strategy_exit,0.0005863355549955429
IDENTICAL,SOLUSDT,R2025,2025-06-17 00:00:00+00:00,2025-06-17 04:00:00+00:00,4.0,29.25624081,0.42366715607999694,1.4466790689771776,strategy_exit,2025-06-17 00:00:00+00:00,2025-06-17 04:00:00+00:00,4.0,29.407046175,0.42585100740000215,1.4466790689771956,strategy_exit,0.0021838513200052034
IDENTICAL,SOLUSDT,R2025,2025-07-22 20:00:00+00:00,2025-07-23 00:00:00+00:00,4.0,29.85141825,0.9274632592500005,3.1038281490276365,strategy_exit,2025-07-22 20:00:00+00:00,2025-07-23 00:00:00+00:00,4.0,29.85141825,0.9274632592500005,3.1038281490276365,strategy_exit,0.0
IDENTICAL,SOLUSDT,R2025,2025-07-23 20:00:00+00:00,2025-07-24 00:00:00+00:00,4.0,30.1094472,0.11900250479999741,0.39483827248352327,strategy_exit,2025-07-23 20:00:00+00:00,2025-07-24 00:00:00+00:00,4.0,30.1094472,0.11900250479999741,0.39483827248352327,strategy_exit,0.0
IDENTICAL,SOLUSDT,R2025,2025-08-14 16:00:00+00:00,2025-08-15 00:00:00+00:00,8.0,30.21840165,-0.4620520859999999,-1.5275145947518882,strategy_exit,2025-08-14 16:00:00+00:00,2025-08-15 00:00:00+00:00,8.0,30.21840165,-0.4620520859999999,-1.5275145947518882,strategy_exit,0.0
IDENTICAL,SOLUSDT,R2025,2025-08-25 08:00:00+00:00,2025-08-25 12:00:00+00:00,4.0,29.786575845,-0.6242816828850017,-2.0937553484007774,strategy_exit,2025-08-25 08:00:00+00:00,2025-08-25 12:00:00+00:00,4.0,29.786575845,-0.6242816828850017,-2.0937553484007774,strategy_exit,0.0
IDENTICAL,SOLUSDT,R2025,2025-08-29 08:00:00+00:00,2025-08-29 12:00:00+00:00,4.0,29.66158338,-0.2548311530700005,-0.8582703533795875,strategy_exit,2025-08-29 08:00:00+00:00,2025-08-29 12:00:00+00:00,4.0,29.45269899,-0.2530365674849975,-0.8582703533795774,strategy_exit,0.0017945855850030057
IDENTICAL,SOLUSDT,R2025,2025-08-29 16:00:00+00:00,2025-08-29 20:00:00+00:00,4.0,29.45696112,-0.3054406687199993,-1.0358690156251003,strategy_exit,2025-08-29 16:00:00+00:00,2025-08-29 20:00:00+00:00,4.0,29.45696112,-0.3054406687199993,-1.0358690156251003,strategy_exit,0.0
IDENTICAL,SOLUSDT,R2025,2025-10-14 08:00:00+00:00,2025-10-14 12:00:00+00:00,4.0,29.1835845,0.0427973152500023,0.14650208814929155,strategy_exit,2025-10-14 08:00:00+00:00,2025-10-14 12:00:00+00:00,4.0,29.1835845,0.0427973152500023,0.14650208814929155,strategy_exit,0.0
IDENTICAL,SOLUSDT,R2025,2025-10-22 00:00:00+00:00,2025-10-22 04:00:00+00:00,4.0,29.34262398,-0.14951148080999843,-0.5090278183475094,strategy_exit,2025-10-22 00:00:00+00:00,2025-10-22 04:00:00+00:00,4.0,29.34262398,-0.14951148080999843,-0.5090278183475094,strategy_exit,0.0
IDENTICAL,SOLUSDT,R2025,2025-12-12 16:00:00+00:00,2025-12-12 20:00:00+00:00,4.0,28.97964258,-0.696819525420004,-2.4021117586122624,strategy_exit,2025-12-12 16:00:00+00:00,2025-12-12 20:00:00+00:00,4.0,28.97964258,-0.5657463647849994,-1.9502696834206363,strategy_exit,0.13107316063500463
REMOVED_CYCLE,SOLUSDT,R2025,2025-11-21 00:00:00+00:00,2025-11-21 04:00:00+00:00,4.0,29.020893195,-0.3145275089249999,0.0,strategy_exit,,,,0.0,0.0,,,0.3145275089249999
IDENTICAL,BTCUSDT,W1,2023-02-17 00:00:00+00:00,2023-02-17 04:00:00+00:00,4.0,30.3530277294,0.08432351080019629,0.2775316923229813,strategy_exit,2023-02-17 00:00:00+00:00,2023-02-17 04:00:00+00:00,4.0,30.3530277294,0.08432351080019629,0.2775316923229813,strategy_exit,0.0
ADDED_CYCLE,BTCUSDT,W1,,,,0.0,0.0,0.0,,2023-03-13 16:00:00+00:00,2023-03-13 20:00:00+00:00,4.0,30.2320756836,0.28115853288390014,0.9290716858751422,strategy_exit,0.28115853288390014
IDENTICAL,BTCUSDT,W1,2023-03-22 20:00:00+00:00,2023-03-23 00:00:00+00:00,4.0,30.417633216,0.5714713251368977,1.8768732618285562,strategy_exit,2023-03-22 20:00:00+00:00,2023-03-23 00:00:00+00:00,4.0,30.417633216,0.5714713251368977,1.8768732618285562,strategy_exit,0.0
IDENTICAL,BTCUSDT,W1,2023-04-26 20:00:00+00:00,2023-04-27 00:00:00+00:00,4.0,30.40902941625,0.4867841415167966,1.5991889679098248,strategy_exit,2023-04-26 20:00:00+00:00,2023-04-27 00:00:00+00:00,4.0,30.6880113375,0.4912500510720008,1.5991889679098388,strategy_exit,0.004465909555204206
IDENTICAL,BTCUSDT,W1,2023-10-24 16:00:00+00:00,2023-10-24 20:00:00+00:00,4.0,29.98029475605,0.02350666113644806,0.07832870940586961,strategy_exit,2023-10-24 16:00:00+00:00,2023-10-24 20:00:00+00:00,4.0,30.3171520005,0.02377078092450091,0.07832870940587908,strategy_exit,0.0002641197880528523
ADDED_CYCLE,ETHUSDT,W1,,,,0.0,0.0,0.0,,2023-02-17 00:00:00+00:00,2023-02-17 04:00:00+00:00,4.0,30.3150049275,0.22214332225650324,0.7320513435059134,strategy_exit,0.22214332225650324
IDENTICAL,ETHUSDT,W1,2023-03-03 04:00:00+00:00,2023-03-03 08:00:00+00:00,4.0,10.1803826475,-0.1698356762595008,-1.66659757421708,strategy_exit,2023-03-03 04:00:00+00:00,2023-03-03 08:00:00+00:00,4.0,10.023761376,-0.013057783488001462,-0.13013816131422848,strategy_exit,0.15677789277149934
ADDED_CYCLE,ETHUSDT,W1,,,,0.0,0.0,0.0,,2023-03-10 00:00:00+00:00,2023-03-11 01:00:00+00:00,25.0,10.06627062,-0.04241535112499939,-0.4209401847657911,strategy_exit,-0.04241535112499939
IDENTICAL,ETHUSDT,W1,2023-04-26 20:00:00+00:00,2023-04-27 00:00:00+00:00,4.0,30.555227979,0.5298558237044979,1.7323598356755385,strategy_exit,2023-04-26 20:00:00+00:00,2023-04-27 00:00:00+00:00,4.0,30.738193416,0.5330286130680015,1.7323598356755505,strategy_exit,0.0031727893635036253
IDENTICAL,ETHUSDT,W1,2023-04-27 08:00:00+00:00,2023-04-27 12:00:00+00:00,4.0,30.93109782,-0.16103237219400413,-0.5200963174003205,strategy_exit,2023-04-27 08:00:00+00:00,2023-04-27 12:00:00+00:00,4.0,30.93109782,-0.16103237219400413,-0.5200963174003205,strategy_exit,0.0
IDENTICAL,ETHUSDT,W1,2023-06-15 00:00:00+00:00,2023-06-15 04:00:00+00:00,4.0,10.0758303975,-0.023816989297500868,-0.23614129220856078,strategy_exit,2023-06-15 00:00:00+00:00,2023-06-15 04:00:00+00:00,4.0,10.241007945,-0.024207431744999397,-0.23614129220854632,strategy_exit,-0.0003904424474985291
ADDED_CYCLE,ETHUSDT,W1,,,,0.0,0.0,0.0,,2023-07-14 20:00:00+00:00,2023-07-15 00:00:00+00:00,4.0,29.85616062,0.29864534637600215,0.9992811975186431,strategy_exit,0.29864534637600215
ENTRY_SHIFT,ETHUSDT,W1,2023-08-18 04:00:00+00:00,2023-08-18 08:00:00+00:00,4.0,10.067031,0.05129164079999882,0.5089921785241271,strategy_exit,2023-08-17 16:00:00+00:00,2023-08-17 20:00:00+00:00,4.0,10.094840898,-0.03814555994399882,-0.37749433474535693,strategy_exit,-0.08943720074399764
ADDED_CYCLE,ETHUSDT,W1,,,,0.0,0.0,0.0,,2023-08-18 00:00:00+00:00,2023-08-18 08:00:00+00:00,8.0,10.09398447,0.024311217329998414,0.2406079628097428,strategy_exit,0.024311217329998414
ADDED_CYCLE,ETHUSDT,W1,,,,0.0,0.0,0.0,,2023-08-18 16:00:00+00:00,2023-08-19 01:00:00+00:00,9.0,10.135457196,-0.1484059470960002,-1.4627627204138762,strategy_exit,-0.1484059470960002
IDENTICAL,ETHUSDT,W1,2023-10-24 16:00:00+00:00,2023-10-24 20:00:00+00:00,4.0,30.422081439,-0.10248971064299539,-0.33655594382973053,strategy_exit,2023-10-24 16:00:00+00:00,2023-10-24 20:00:00+00:00,4.0,30.24417453,-0.10189035560999926,-0.33655594382974324,strategy_exit,0.0005993550329961295
ADDED_CYCLE,SOLUSDT,W1,,,,0.0,0.0,0.0,,2023-01-02 16:00:00+00:00,2023-01-02 20:00:00+00:00,4.0,30.039012,0.25363184211000345,0.843497994029754,strategy_exit,0.25363184211000345
IDENTICAL,SOLUSDT,W1,2023-01-04 16:00:00+00:00,2023-01-05 01:00:00+00:00,9.0,30.03492996,-0.5782066844399978,-1.9231909518480301,breakeven_exit,2023-01-04 16:00:00+00:00,2023-01-05 01:00:00+00:00,9.0,30.11513004,-0.5665050984599986,-1.8792519193807138,breakeven_exit,0.011701585979999152
ADDED_CYCLE,SOLUSDT,W1,,,,0.0,0.0,0.0,,2023-01-06 08:00:00+00:00,2023-01-06 12:00:00+00:00,4.0,29.96793648,-0.402349596479997,-1.3412590122760628,strategy_exit,-0.402349596479997
ADDED_CYCLE,SOLUSDT,W1,,,,0.0,0.0,0.0,,2023-01-10 12:00:00+00:00,2023-01-10 16:00:00+00:00,4.0,29.846745915,0.268297194165001,0.8980180478076784,strategy_exit,0.268297194165001
ENTRY_SHIFT,SOLUSDT,W1,2023-01-14 16:00:00+00:00,2023-01-15 00:00:00+00:00,8.0,29.86116312,2.4075213154049955,8.054328592428217,strategy_exit,2023-01-14 20:00:00+00:00,2023-01-15 00:00:00+00:00,4.0,29.910797925,1.4142838581149952,4.723615166237218,strategy_exit,-0.9932374572900002
IDENTICAL,SOLUSDT,W1,2023-01-18 20:00:00+00:00,2023-01-19 04:00:00+00:00,8.0,30.59440956,-0.7158700675350005,-2.3375346114127726,strategy_exit,2023-01-18 20:00:00+00:00,2023-01-19 04:00:00+00:00,8.0,30.35470977,-0.7104284201699969,-2.3380842934955473,strategy_exit,0.005441647365003632
EXIT_SHIFT,SOLUSDT,W1,2023-01-19 08:00:00+00:00,2023-01-19 17:00:00+00:00,9.0,10.12255875,-0.11788105383000058,-1.1633747301240522,strategy_exit,2023-01-19 08:00:00+00:00,2023-01-19 20:00:00+00:00,12.0,10.03731615,0.11758132395000054,1.1702715978504934,strategy_exit,0.23546237778000112
IDENTICAL,SOLUSDT,W1,2023-01-30 12:00:00+00:00,2023-01-30 16:00:00+00:00,4.0,30.36381432,0.3389782903349996,1.1152737502457342,strategy_exit,2023-01-30 12:00:00+00:00,2023-01-30 16:00:00+00:00,4.0,30.195660285,0.3369662790750034,1.114827913177981,strategy_exit,-0.0020120112599961715
EXIT_SHIFT,SOLUSDT,W1,2023-02-10 00:00:00+00:00,2023-02-10 08:00:00+00:00,8.0,10.1426688,0.2549586429000019,2.5112122261257404,strategy_exit,2023-02-10 00:00:00+00:00,2023-02-10 04:00:00+00:00,4.0,10.08119808,0.10130399086500042,1.0038765955576134,strategy_exit,-0.1536546520350015
ENTRY_SHIFT,SOLUSDT,W1,2023-03-15 20:00:00+00:00,2023-03-16 00:00:00+00:00,4.0,10.19915703,0.05472970272000133,0.5360739866195493,strategy_exit,2023-03-15 00:00:00+00:00,2023-03-15 04:00:00+00:00,4.0,30.61692081,0.16548874883999787,0.5399740438972749,strategy_exit,0.11075904611999654
ADDED_CYCLE,SOLUSDT,W1,,,,0.0,0.0,0.0,,2023-03-15 20:00:00+00:00,2023-03-16 00:00:00+00:00,4.0,10.218256575,0.035611058175001986,0.3481560913174631,strategy_exit,0.035611058175001986
IDENTICAL,SOLUSDT,W1,2023-06-05 20:00:00+00:00,2023-06-06 00:00:00+00:00,4.0,10.34064774,-0.04131096515999921,-0.39910164722944796,strategy_exit,2023-06-05 20:00:00+00:00,2023-06-06 00:00:00+00:00,4.0,10.360687755,-0.04139102517000204,-0.3991016472294751,strategy_exit,-8.006001000282481e-05
IDENTICAL,SOLUSDT,W1,2023-06-10 04:00:00+00:00,2023-06-11 20:00:00+00:00,40.0,10.349322075,-0.23088232507499917,-2.2286645611190683,stop_loss,2023-06-10 04:00:00+00:00,2023-06-11 20:00:00+00:00,40.0,10.36562022,-0.23122076021999938,-2.228422087120898,stop_loss,-0.00033843514500020433
ENTRY_SHIFT,SOLUSDT,W1,2023-07-01 04:00:00+00:00,2023-07-01 16:00:00+00:00,12.0,30.99601026,0.1082762607600003,0.34897424462051707,strategy_exit,2023-07-01 08:00:00+00:00,2023-07-01 12:00:00+00:00,4.0,31.05003726,-0.27946369332000387,-0.8991438769410116,strategy_exit,-0.38773995408000417
IDENTICAL,SOLUSDT,W1,2023-07-14 08:00:00+00:00,2023-07-14 10:00:00+00:00,2.0,31.051027755,-0.7214529096450022,-2.3211218100549944,breakeven_exit,2023-07-14 08:00:00+00:00,2023-07-14 10:00:00+00:00,2.0,30.993579045,-0.692084495025,-2.2307623811991313,breakeven_exit,0.02936841462000217
IDENTICAL,SOLUSDT,W1,2023-07-14 16:00:00+00:00,2023-07-15 04:00:00+00:00,12.0,30.83338899,-1.233769966515002,-3.9974114732754717,strategy_exit,2023-07-14 16:00:00+00:00,2023-07-15 04:00:00+00:00,12.0,30.77702082,-1.2586732940700003,-4.085567233897749,strategy_exit,-0.024903327554998356
ADDED_CYCLE,SOLUSDT,W1,,,,0.0,0.0,0.0,,2023-10-03 04:00:00+00:00,2023-10-03 08:00:00+00:00,4.0,30.48931704,0.0905644611300005,0.2967399598494176,strategy_exit,0.0905644611300005
IDENTICAL,SOLUSDT,W1,2023-10-24 20:00:00+00:00,2023-10-25 00:00:00+00:00,4.0,30.48473475,-0.44074388493000427,-1.4443411922705203,strategy_exit,2023-10-24 20:00:00+00:00,2023-10-25 00:00:00+00:00,4.0,30.54576525,-0.44156592524999994,-1.4441438832492512,strategy_exit,-0.000822040319995665
IDENTICAL,SOLUSDT,W1,2023-11-02 16:00:00+00:00,2023-11-02 20:00:00+00:00,4.0,30.35791137,0.9196539860999984,3.026345388691835,strategy_exit,2023-11-02 16:00:00+00:00,2023-11-02 20:00:00+00:00,4.0,30.397961385,0.9209218117950044,3.026524701222228,strategy_exit,0.001267825695006053
IDENTICAL,SOLUSDT,W1,2023-11-03 00:00:00+00:00,2023-11-03 16:00:00+00:00,16.0,30.63795132,-0.45835754351999825,-1.4945504648583081,strategy_exit,2023-11-03 00:00:00+00:00,2023-11-03 16:00:00+00:00,16.0,30.67821144,-0.41915731382999866,-1.3649380312594388,strategy_exit,0.03920022968999959
EXIT_SHIFT,SOLUSDT,W1,2023-11-09 20:00:00+00:00,2023-11-10 00:00:00+00:00,4.0,30.48049263,0.5182287152699985,1.6984994650518965,strategy_exit,2023-11-09 20:00:00+00:00,2023-11-10 04:00:00+00:00,8.0,30.56935704,1.921903883295002,6.280746751995168,strategy_exit,1.4036751680250035
IDENTICAL,SOLUSDT,W1,2023-11-12 00:00:00+00:00,2023-11-12 08:00:00+00:00,8.0,30.67516992,2.4162836910149963,7.869132681217769,strategy_exit,2023-11-12 00:00:00+00:00,2023-11-12 08:00:00+00:00,8.0,31.12627536,2.4527143099350006,7.872011724981127,strategy_exit,0.03643061892000432
ENTRY_SHIFT,SOLUSDT,W1,2023-11-12 20:00:00+00:00,2023-11-13 08:00:00+00:00,12.0,31.3868856,1.1416306188000007,3.6336517843979057,strategy_exit,2023-11-13 00:00:00+00:00,2023-11-13 08:00:00+00:00,8.0,31.86474441,1.0121500546799993,3.1732214850181344,strategy_exit,-0.12948056412000142
IDENTICAL,SOLUSDT,W1,2023-11-14 00:00:00+00:00,2023-11-14 08:00:00+00:00,8.0,10.583289,0.6418943773199999,6.059110019539333,strategy_exit,2023-11-14 00:00:00+00:00,2023-11-14 08:00:00+00:00,8.0,10.6865406,0.7037713884599981,6.579007617674312,strategy_exit,0.06187701113999822
ENTRY_SHIFT,SOLUSDT,W1,2023-11-17 00:00:00+00:00,2023-11-17 10:00:00+00:00,10.0,31.92707556,-0.15085058759999725,-0.4720128137920972,breakeven_exit,2023-11-16 16:00:00+00:00,2023-11-16 20:00:00+00:00,4.0,32.42306343,0.22393712081999695,0.6899823266101057,strategy_exit,0.3747877084199942
ADDED_CYCLE,SOLUSDT,W1,,,,0.0,0.0,0.0,,2023-11-17 00:00:00+00:00,2023-11-17 10:00:00+00:00,10.0,32.50546461,-0.15358338809999594,-0.47201281379209337,breakeven_exit,-0.15358338809999594
ADDED_CYCLE,SOLUSDT,W1,,,,0.0,0.0,0.0,,2023-11-17 16:00:00+00:00,2023-11-17 20:00:00+00:00,4.0,10.79323392,0.40723631012999917,3.769301060875644,strategy_exit,0.40723631012999917
ADDED_CYCLE,SOLUSDT,W1,,,,0.0,0.0,0.0,,2023-11-22 00:00:00+00:00,2023-11-22 04:00:00+00:00,4.0,32.55576975,1.6071214036499981,4.931586321230312,strategy_exit,1.6071214036499981
IDENTICAL,SOLUSDT,W1,2023-12-10 12:00:00+00:00,2023-12-10 16:00:00+00:00,4.0,31.94070237,0.8571746871899997,2.6809628633134484,strategy_exit,2023-12-10 12:00:00+00:00,2023-12-10 16:00:00+00:00,4.0,33.08399373,0.890491345589993,2.688918850324503,strategy_exit,0.033316658399993315
IDENTICAL,SOLUSDT,W1,2023-12-22 12:00:00+00:00,2023-12-22 16:00:00+00:00,4.0,32.09221809,0.7643191309200006,2.379254600611671,strategy_exit,2023-12-22 12:00:00+00:00,2023-12-22 16:00:00+00:00,4.0,33.312097725,0.7933721973000019,2.3792546006116746,strategy_exit,0.02905306638000127
ENTRY_SHIFT,SOLUSDT,W1,2023-12-26 20:00:00+00:00,2023-12-27 00:00:00+00:00,4.0,32.33413899,1.6638617517300034,5.140695265434144,strategy_exit,2023-12-26 12:00:00+00:00,2023-12-26 15:00:00+00:00,3.0,33.54128226,-0.5641573721400022,-1.6802988448469662,breakeven_exit,-2.2280191238700056
ENTRY_SHIFT,SOLUSDT,W1,2023-12-27 08:00:00+00:00,2023-12-27 12:00:00+00:00,4.0,10.91971713,0.10523001909000129,0.9627071190973743,strategy_exit,2023-12-26 20:00:00+00:00,2023-12-27 00:00:00+00:00,4.0,33.40127229,1.6064633445899972,4.804782501007818,strategy_exit,1.5012333254999959
IDENTICAL,SOLUSDT,W1,2023-12-27 16:00:00+00:00,2023-12-27 23:00:00+00:00,7.0,10.892233395,-0.08913555827999886,-0.8175229866916622,breakeven_exit,2023-12-27 16:00:00+00:00,2023-12-27 23:00:00+00:00,7.0,11.21576508,-0.09178314911999941,-0.8175229866916673,breakeven_exit,-0.0026475908400005466
EXIT_SHIFT,SOLUSDT,W1,2023-12-28 04:00:00+00:00,2023-12-29 00:00:00+00:00,20.0,32.937110325,-1.0527792527250028,-3.19313842295849,strategy_exit,2023-12-28 04:00:00+00:00,2023-12-28 08:00:00+00:00,4.0,33.87817062,0.3286901154599988,0.9692428714330992,strategy_exit,1.3814693681850017
ADDED_CYCLE,SOLUSDT,W1,,,,0.0,0.0,0.0,,2023-12-28 12:00:00+00:00,2023-12-29 00:00:00+00:00,12.0,33.9883857,-1.0886323940999958,-3.199754347999955,strategy_exit,-1.0886323940999958
REMOVED_CYCLE,SOLUSDT,W1,2023-03-21 00:00:00+00:00,2023-03-21 03:00:00+00:00,3.0,30.68751609,-0.12239092520999861,0.0,breakeven_exit,,,,0.0,0.0,,,0.12239092520999861
REMOVED_CYCLE,SOLUSDT,W1,2023-08-18 20:00:00+00:00,2023-08-19 00:00:00+00:00,4.0,10.13434464,-0.0018706657200020516,0.0,strategy_exit,,,,0.0,0.0,,,0.0018706657200020516
IDENTICAL,BTCUSDT,W2,2024-01-03 12:00:00+00:00,2024-01-03 16:00:00+00:00,4.0,29.7328241826,-0.9957509118292514,-3.3456497424005915,strategy_exit,2024-01-03 12:00:00+00:00,2024-01-03 16:00:00+00:00,4.0,29.7328241826,-0.9957509118292514,-3.3456497424005915,strategy_exit,0.0
IDENTICAL,BTCUSDT,W2,2024-01-11 00:00:00+00:00,2024-01-11 04:00:00+00:00,4.0,29.40671601,-0.18368552847645248,-0.6240140054659659,strategy_exit,2024-01-11 00:00:00+00:00,2024-01-11 04:00:00+00:00,4.0,29.40671601,-0.18368552847645248,-0.6240140054659659,strategy_exit,0.0
IDENTICAL,BTCUSDT,W2,2024-01-11 16:00:00+00:00,2024-01-11 20:00:00+00:00,4.0,29.0204403687,-0.14365036415880184,-0.4945026866521284,strategy_exit,2024-01-11 16:00:00+00:00,2024-01-11 20:00:00+00:00,4.0,29.0204403687,-0.14365036415880184,-0.4945026866521284,strategy_exit,0.0
IDENTICAL,BTCUSDT,W2,2024-03-05 16:00:00+00:00,2024-03-06 00:00:00+00:00,8.0,29.394832071,-1.4277063303887978,-4.852145597884132,strategy_exit,2024-03-05 16:00:00+00:00,2024-03-06 00:00:00+00:00,8.0,29.394832071,-1.4277063303887978,-4.852145597884132,strategy_exit,0.0
IDENTICAL,BTCUSDT,W2,2024-03-06 16:00:00+00:00,2024-03-06 20:00:00+00:00,4.0,30.5966058576,0.026928038525099396,0.08792196596221347,strategy_exit,2024-03-06 16:00:00+00:00,2024-03-06 20:00:00+00:00,4.0,29.931462252,0.026342646383252344,0.08792196596222326,strategy_exit,-0.000585392141847052
IDENTICAL,BTCUSDT,W2,2024-03-08 16:00:00+00:00,2024-03-08 20:00:00+00:00,4.0,31.119648048,0.4791719826719998,1.5382349075550739,strategy_exit,2024-03-08 16:00:00+00:00,2024-03-08 20:00:00+00:00,4.0,30.44313396,0.4687552004400004,1.538234907555076,strategy_exit,-0.010416782231999377
IDENTICAL,BTCUSDT,W2,2024-03-15 04:00:00+00:00,2024-03-15 08:00:00+00:00,4.0,10.23871830075,0.0028892515702505506,0.028190688719642528,strategy_exit,2024-03-15 04:00:00+00:00,2024-03-15 08:00:00+00:00,4.0,10.23871830075,0.0028892515702505506,0.028190688719642528,strategy_exit,0.0
IDENTICAL,BTCUSDT,W2,2024-03-15 20:00:00+00:00,2024-03-16 00:00:00+00:00,4.0,10.3497723,0.049221676188000885,0.4751071063110884,strategy_exit,2024-03-15 20:00:00+00:00,2024-03-16 00:00:00+00:00,4.0,10.3497723,0.049221676188000885,0.4751071063110884,strategy_exit,0.0
IDENTICAL,BTCUSDT,W2,2024-03-20 00:00:00+00:00,2024-03-20 02:00:00+00:00,2.0,10.53462437985,0.042668605784099256,0.4046274292021972,breakeven_exit,2024-03-20 00:00:00+00:00,2024-03-20 02:00:00+00:00,2.0,10.53462437985,0.042668605784099256,0.4046274292021972,breakeven_exit,0.0
IDENTICAL,BTCUSDT,W2,2024-04-13 20:00:00+00:00,2024-04-14 08:00:00+00:00,12.0,10.3712646408,-0.08281418029679877,-0.7976987543302071,strategy_exit,2024-04-13 20:00:00+00:00,2024-04-14 08:00:00+00:00,12.0,10.3712646408,-0.08281418029679877,-0.7976987543302071,strategy_exit,0.0
ADDED_CYCLE,BTCUSDT,W2,,,,0.0,0.0,0.0,,2024-04-14 12:00:00+00:00,2024-04-14 16:00:00+00:00,4.0,10.271701284,-0.028414486005599926,-0.276352467043708,strategy_exit,-0.028414486005599926
IDENTICAL,BTCUSDT,W2,2024-04-30 20:00:00+00:00,2024-05-01 00:00:00+00:00,4.0,10.6780673655,0.21584038491539914,2.0193238418022217,strategy_exit,2024-04-30 20:00:00+00:00,2024-05-01 00:00:00+00:00,4.0,10.6780673655,0.21584038491539914,2.0193238418022217,strategy_exit,0.0
IDENTICAL,BTCUSDT,W2,2024-05-01 08:00:00+00:00,2024-05-01 12:00:00+00:00,4.0,10.355175,0.040565251661400126,0.39134758161465794,strategy_exit,2024-05-01 08:00:00+00:00,2024-05-01 12:00:00+00:00,4.0,10.355175,0.040565251661400126,0.39134758161465794,strategy_exit,0.0
IDENTICAL,BTCUSDT,W2,2024-05-01 20:00:00+00:00,2024-05-02 00:00:00+00:00,4.0,10.8267580737,0.2351309964484507,2.1695885208583756,strategy_exit,2024-05-01 20:00:00+00:00,2024-05-02 00:00:00+00:00,4.0,10.2569287014,0.22275568084589992,2.1695885208583685,strategy_exit,-0.012375315602550785
IDENTICAL,BTCUSDT,W2,2024-06-12 20:00:00+00:00,2024-06-13 00:00:00+00:00,4.0,10.8106698336,0.08437840248480022,0.7797306704755176,strategy_exit,2024-06-12 20:00:00+00:00,2024-06-13 00:00:00+00:00,4.0,10.8106698336,0.08437840248480022,0.7797306704755176,strategy_exit,0.0
IDENTICAL,BTCUSDT,W2,2024-06-24 20:00:00+00:00,2024-06-25 00:00:00+00:00,4.0,10.6805472048,0.14529248339220047,1.3589878240593602,strategy_exit,2024-06-24 20:00:00+00:00,2024-06-25 00:00:00+00:00,4.0,10.6805472048,0.14529248339220047,1.3589878240593602,strategy_exit,0.0
ADDED_CYCLE,BTCUSDT,W2,,,,0.0,0.0,0.0,,2024-07-05 00:00:00+00:00,2024-07-05 04:00:00+00:00,4.0,10.8449235519,-0.37818320879189926,-3.483707391577881,strategy_exit,-0.37818320879189926
EXIT_SHIFT,BTCUSDT,W2,2024-08-05 04:00:00+00:00,2024-08-06 04:00:00+00:00,24.0,10.783563087,0.3221051974860014,2.9840175411024563,strategy_exit,2024-08-05 04:00:00+00:00,2024-08-05 19:00:00+00:00,15.0,10.783563087,-0.19090039540199832,-1.7685220012872178,breakeven_exit,-0.5130055928879997
ADDED_CYCLE,BTCUSDT,W2,,,,0.0,0.0,0.0,,2024-08-06 00:00:00+00:00,2024-08-06 04:00:00+00:00,4.0,10.809165882,0.2964767996909998,2.740087646958436,strategy_exit,0.2964767996909998
IDENTICAL,BTCUSDT,W2,2024-08-15 20:00:00+00:00,2024-08-16 00:00:00+00:00,4.0,11.414972634,0.06456583247100056,0.5650590080938138,strategy_exit,2024-08-15 20:00:00+00:00,2024-08-16 00:00:00+00:00,4.0,10.8442240023,0.06133754084744858,0.5650590080937958,strategy_exit,-0.003228291623551982
IDENTICAL,BTCUSDT,W2,2024-11-01 16:00:00+00:00,2024-11-01 20:00:00+00:00,4.0,11.1075958224,-0.05244219678240114,-0.47165748387940476,strategy_exit,2024-11-01 16:00:00+00:00,2024-11-01 20:00:00+00:00,4.0,11.1075958224,-0.05244219678240114,-0.47165748387940476,strategy_exit,0.0
IDENTICAL,BTCUSDT,W2,2024-11-06 08:00:00+00:00,2024-11-06 12:00:00+00:00,4.0,34.50156045915,0.3194336743108508,0.9249279032724701,strategy_exit,2024-11-06 08:00:00+00:00,2024-11-06 12:00:00+00:00,4.0,33.7674847047,0.31263721315530546,0.924927903272484,strategy_exit,-0.00679646115554533
IDENTICAL,BTCUSDT,W2,2024-11-13 20:00:00+00:00,2024-11-14 00:00:00+00:00,4.0,34.290666765,-0.03387433017510233,-0.0986871731521926,strategy_exit,2024-11-13 20:00:00+00:00,2024-11-14 00:00:00+00:00,4.0,33.3882807975,-0.03298290043365881,-0.09868717315221218,strategy_exit,0.0008914297414435168
IDENTICAL,BTCUSDT,W2,2024-11-14 16:00:00+00:00,2024-11-14 20:00:00+00:00,4.0,11.43895531935,0.16248476243999832,1.4190320310580775,strategy_exit,2024-11-14 16:00:00+00:00,2024-11-14 20:00:00+00:00,4.0,10.5590356794,0.1499859345600001,1.4190320310580933,strategy_exit,-0.012498827879998231
IDENTICAL,BTCUSDT,W2,2024-12-05 16:00:00+00:00,2024-12-05 20:00:00+00:00,4.0,34.45649964,-0.8719201899782973,-2.5279675821344108,strategy_exit,2024-12-05 16:00:00+00:00,2024-12-05 20:00:00+00:00,4.0,33.44307318,-0.8462754785083533,-2.527967582134428,strategy_exit,0.02564471146994407
IDENTICAL,BTCUSDT,W2,2024-12-09 16:00:00+00:00,2024-12-09 20:00:00+00:00,4.0,10.76469966,-0.11373932524185015,-1.055539895502369,strategy_exit,2024-12-09 16:00:00+00:00,2024-12-09 20:00:00+00:00,4.0,10.76469966,-0.11373932524185015,-1.055539895502369,strategy_exit,0.0
IDENTICAL,BTCUSDT,W2,2024-12-10 16:00:00+00:00,2024-12-10 20:00:00+00:00,4.0,10.52772813345,-0.009851911975950145,-0.09348712069010083,strategy_exit,2024-12-10 16:00:00+00:00,2024-12-10 20:00:00+00:00,4.0,10.52772813345,-0.009851911975950145,-0.09348712069010083,strategy_exit,0.0
IDENTICAL,BTCUSDT,W2,2024-12-19 20:00:00+00:00,2024-12-20 00:00:00+00:00,4.0,10.6973151846,-0.0032837462823014363,-0.030666253726987065,strategy_exit,2024-12-19 20:00:00+00:00,2024-12-20 00:00:00+00:00,4.0,10.6973151846,-0.0032837462823014363,-0.030666253726987065,strategy_exit,0.0
IDENTICAL,BTCUSDT,W2,2024-12-20 12:00:00+00:00,2024-12-20 16:00:00+00:00,4.0,11.1324422394,0.4779682444584008,4.289182404331354,strategy_exit,2024-12-20 12:00:00+00:00,2024-12-20 16:00:00+00:00,4.0,11.1324422394,0.4779682444584008,4.289182404331354,strategy_exit,0.0
REMOVED_CYCLE,BTCUSDT,W2,2024-04-17 16:00:00+00:00,2024-04-17 20:00:00+00:00,4.0,10.25696742075,0.09102129692985095,0.0,strategy_exit,,,,0.0,0.0,,,-0.09102129692985095
IDENTICAL,ETHUSDT,W2,2024-01-11 16:00:00+00:00,2024-01-11 20:00:00+00:00,4.0,29.805261183,-0.2501047159874972,-0.838291131194248,strategy_exit,2024-01-11 16:00:00+00:00,2024-01-11 20:00:00+00:00,4.0,29.805261183,-0.2501047159874972,-0.838291131194248,strategy_exit,0.0
IDENTICAL,ETHUSDT,W2,2024-01-12 16:00:00+00:00,2024-01-12 20:00:00+00:00,4.0,29.396612961,-0.7817421563189981,-2.656636654569567,strategy_exit,2024-01-12 16:00:00+00:00,2024-01-12 20:00:00+00:00,4.0,29.396612961,-0.7817421563189981,-2.656636654569567,strategy_exit,0.0
IDENTICAL,ETHUSDT,W2,2024-03-05 20:00:00+00:00,2024-03-06 00:00:00+00:00,4.0,29.052074778,1.4345222139599976,4.93282884539587,strategy_exit,2024-03-05 20:00:00+00:00,2024-03-06 00:00:00+00:00,4.0,29.052074778,1.4345222139599976,4.93282884539587,strategy_exit,0.0
IDENTICAL,ETHUSDT,W2,2024-03-06 04:00:00+00:00,2024-03-06 08:00:00+00:00,4.0,30.0881215425,2.019712151549996,6.705950234357017,strategy_exit,2024-03-06 04:00:00+00:00,2024-03-06 08:00:00+00:00,4.0,29.734143642,1.995950832120002,6.705950234357037,strategy_exit,-0.023761319429993932
IDENTICAL,ETHUSDT,W2,2024-03-06 12:00:00+00:00,2024-03-06 20:00:00+00:00,8.0,31.441606947,-0.3138629194574989,-0.9972434634653073,strategy_exit,2024-03-06 12:00:00+00:00,2024-03-06 20:00:00+00:00,8.0,31.05343896,-0.3099880686000027,-0.9972434634653196,strategy_exit,0.0038748508574961704
IDENTICAL,ETHUSDT,W2,2024-03-15 04:00:00+00:00,2024-03-15 08:00:00+00:00,4.0,10.42737108,0.057975500687998505,0.5554380165484012,strategy_exit,2024-03-15 04:00:00+00:00,2024-03-15 08:00:00+00:00,4.0,10.42737108,0.057975500687998505,0.5554380165484012,strategy_exit,0.0
IDENTICAL,ETHUSDT,W2,2024-03-15 20:00:00+00:00,2024-03-16 00:00:00+00:00,4.0,10.7049868185,0.12038609435700032,1.1234561103861658,strategy_exit,2024-03-15 20:00:00+00:00,2024-03-16 00:00:00+00:00,4.0,10.7049868185,0.12038609435700032,1.1234561103861658,strategy_exit,0.0
IDENTICAL,ETHUSDT,W2,2024-03-20 00:00:00+00:00,2024-03-20 02:00:00+00:00,2.0,11.0608026375,0.02526642425999981,0.22820390078516023,breakeven_exit,2024-03-20 00:00:00+00:00,2024-03-20 02:00:00+00:00,2.0,10.744779705,0.024544526424001845,0.22820390078517913,breakeven_exit,-0.0007218978359979644
IDENTICAL,ETHUSDT,W2,2024-03-20 16:00:00+00:00,2024-03-20 20:00:00+00:00,4.0,10.870814691,0.25229401965900067,2.318519677186533,strategy_exit,2024-03-20 16:00:00+00:00,2024-03-20 20:00:00+00:00,4.0,10.870814691,0.25229401965900067,2.318519677186533,strategy_exit,0.0
IDENTICAL,ETHUSDT,W2,2024-04-01 16:00:00+00:00,2024-04-01 20:00:00+00:00,4.0,11.026438464,0.10206229166399972,0.9246896145619031,strategy_exit,2024-04-01 16:00:00+00:00,2024-04-01 20:00:00+00:00,4.0,10.681862262,0.09887284504950067,0.9246896145619122,strategy_exit,-0.0031894466144990474
IDENTICAL,ETHUSDT,W2,2024-04-12 20:00:00+00:00,2024-04-13 00:00:00+00:00,4.0,10.906428489,0.07338774412500015,0.6722129959339878,strategy_exit,2024-04-12 20:00:00+00:00,2024-04-13 00:00:00+00:00,4.0,10.906428489,0.07338774412500015,0.6722129959339878,strategy_exit,0.0
IDENTICAL,ETHUSDT,W2,2024-04-13 20:00:00+00:00,2024-04-14 04:00:00+00:00,8.0,10.8035991,-0.43198451509500124,-3.9945295835058188,strategy_exit,2024-04-13 20:00:00+00:00,2024-04-14 04:00:00+00:00,8.0,10.8035991,-0.43198451509500124,-3.9945295835058188,strategy_exit,0.0
IDENTICAL,ETHUSDT,W2,2024-04-14 12:00:00+00:00,2024-04-14 16:00:00+00:00,4.0,10.9026486,0.0706532017499999,0.6473896547566343,strategy_exit,2024-04-14 12:00:00+00:00,2024-04-14 16:00:00+00:00,4.0,10.9026486,0.0706532017499999,0.6473896547566343,strategy_exit,0.0
IDENTICAL,ETHUSDT,W2,2024-05-01 08:00:00+00:00,2024-05-01 12:00:00+00:00,4.0,10.91031243,0.10274199783000171,0.9407554470145469,strategy_exit,2024-05-01 08:00:00+00:00,2024-05-01 12:00:00+00:00,4.0,10.91031243,0.10274199783000171,0.9407554470145469,strategy_exit,0.0
EXIT_SHIFT,ETHUSDT,W2,2024-05-20 20:00:00+00:00,2024-05-21 00:00:00+00:00,4.0,33.717678414,2.0803355373570014,6.163702181861982,strategy_exit,2024-05-20 20:00:00+00:00,2024-05-21 08:00:00+00:00,12.0,33.029562528,2.0255142798719987,6.126302119101793,strategy_exit,-0.05482125748500266
IDENTICAL,ETHUSDT,W2,2024-07-05 04:00:00+00:00,2024-07-05 08:00:00+00:00,4.0,11.3975569305,-0.1851907956210006,-1.623205665558833,strategy_exit,2024-07-05 04:00:00+00:00,2024-07-05 08:00:00+00:00,4.0,11.105311881,-0.1804423136820006,-1.6232056655588332,strategy_exit,0.0047484819390000155
IDENTICAL,ETHUSDT,W2,2024-07-08 16:00:00+00:00,2024-07-08 20:00:00+00:00,4.0,11.288639499,0.10043135024099925,0.8887786631034258,strategy_exit,2024-07-08 16:00:00+00:00,2024-07-08 20:00:00+00:00,4.0,10.9915700385,0.0977884199714989,0.8887786631034224,strategy_exit,-0.0026429302695003543
IDENTICAL,ETHUSDT,W2,2024-08-05 04:00:00+00:00,2024-08-05 10:00:00+00:00,6.0,11.337994164,-0.2413416038279994,-2.126482866697961,breakeven_exit,2024-08-05 04:00:00+00:00,2024-08-05 10:00:00+00:00,6.0,11.106606528,-0.009722580191999342,-0.08745125975416806,breakeven_exit,0.23161902363600007
IDENTICAL,ETHUSDT,W2,2024-08-05 16:00:00+00:00,2024-08-06 04:00:00+00:00,12.0,11.27931684,0.1549554645300013,1.3724294304524136,strategy_exit,2024-08-05 16:00:00+00:00,2024-08-06 04:00:00+00:00,12.0,11.27931684,-0.0938608750649994,-0.8313190354269927,strategy_exit,-0.2488163395950007
IDENTICAL,ETHUSDT,W2,2024-08-09 16:00:00+00:00,2024-08-09 20:00:00+00:00,4.0,34.803745176,0.34349637626399954,0.9859663703019828,strategy_exit,2024-08-09 16:00:00+00:00,2024-08-09 20:00:00+00:00,4.0,34.036015503,0.3359192503169979,0.9859663703019778,strategy_exit,-0.007577125947001662
IDENTICAL,ETHUSDT,W2,2024-08-13 04:00:00+00:00,2024-08-13 08:00:00+00:00,4.0,35.081748108,-0.20312158303799777,-0.5784166277830118,strategy_exit,2024-08-13 04:00:00+00:00,2024-08-13 08:00:00+00:00,4.0,34.284435651,-0.19850518342350654,-0.5784166277830372,strategy_exit,0.004616399614491229
IDENTICAL,ETHUSDT,W2,2024-11-13 20:00:00+00:00,2024-11-14 00:00:00+00:00,4.0,34.7641734,0.2072518159800012,0.59556937778015,strategy_exit,2024-11-13 20:00:00+00:00,2024-11-14 00:00:00+00:00,4.0,34.13209752,0.20348360114399355,0.5955693777801276,strategy_exit,-0.003768214836007644
IDENTICAL,ETHUSDT,W2,2024-12-09 16:00:00+00:00,2024-12-09 20:00:00+00:00,4.0,11.477736,-0.11897900734500055,-1.0355713635319956,strategy_exit,2024-12-09 16:00:00+00:00,2024-12-09 20:00:00+00:00,4.0,11.0951448,-0.11501304043349947,-1.035571363531986,strategy_exit,0.003965966911501084
IDENTICAL,ETHUSDT,W2,2024-12-10 16:00:00+00:00,2024-12-10 20:00:00+00:00,4.0,11.422540416,0.16081656167999903,1.4064813948846946,strategy_exit,2024-12-10 16:00:00+00:00,2024-12-10 20:00:00+00:00,4.0,11.065586028,0.15579104412750056,1.4064813948847081,strategy_exit,-0.005025517552498471
IDENTICAL,ETHUSDT,W2,2024-12-18 20:00:00+00:00,2024-12-19 00:00:00+00:00,4.0,11.31655545,-0.4637871652500003,-4.094212620224397,strategy_exit,2024-12-18 20:00:00+00:00,2024-12-19 00:00:00+00:00,4.0,10.939336935,-0.4483275930749997,-4.094212620224392,strategy_exit,0.015459572175000602
IDENTICAL,ETHUSDT,W2,2024-12-19 20:00:00+00:00,2024-12-20 00:00:00+00:00,4.0,11.3558600925,-0.1079915140260006,-0.950026061582574,strategy_exit,2024-12-19 20:00:00+00:00,2024-12-20 00:00:00+00:00,4.0,11.01174312,-0.10471904390399978,-0.9500260615825669,strategy_exit,0.0032724701220008257
IDENTICAL,ETHUSDT,W2,2024-12-20 12:00:00+00:00,2024-12-20 16:00:00+00:00,4.0,11.493059658,0.962818384389001,8.369020578359377,strategy_exit,2024-12-20 12:00:00+00:00,2024-12-20 16:00:00+00:00,4.0,11.182436424,0.9367962658919993,8.369020578359361,strategy_exit,-0.026022118497001756
REMOVED_CYCLE,ETHUSDT,W2,2024-08-06 12:00:00+00:00,2024-08-06 16:00:00+00:00,4.0,11.31659547,0.2815673769870024,0.0,strategy_exit,,,,0.0,0.0,,,-0.2815673769870024
IDENTICAL,SOLUSDT,W2,2024-01-03 20:00:00+00:00,2024-01-04 04:00:00+00:00,8.0,29.81317914,0.42073906545000384,1.4098420860436307,strategy_exit,2024-01-03 20:00:00+00:00,2024-01-04 04:00:00+00:00,8.0,29.81317914,0.42073906545000384,1.4098420860436307,strategy_exit,0.0
IDENTICAL,SOLUSDT,W2,2024-01-10 08:00:00+00:00,2024-01-10 12:00:00+00:00,4.0,29.944614825,-0.3364684985249973,-1.122513574221065,strategy_exit,2024-01-10 08:00:00+00:00,2024-01-10 12:00:00+00:00,4.0,29.944614825,-0.3364684985249973,-1.122513574221065,strategy_exit,0.0
IDENTICAL,SOLUSDT,W2,2024-02-01 04:00:00+00:00,2024-02-01 08:00:00+00:00,4.0,29.498742,0.3298697844750009,1.1171332127680906,strategy_exit,2024-02-01 04:00:00+00:00,2024-02-01 08:00:00+00:00,4.0,29.498742,0.3298697844750009,1.1171332127680906,strategy_exit,0.0
IDENTICAL,SOLUSDT,W2,2024-03-01 00:00:00+00:00,2024-03-01 04:00:00+00:00,4.0,29.67531024,1.726062813885001,5.810683903433359,strategy_exit,2024-03-01 00:00:00+00:00,2024-03-01 04:00:00+00:00,4.0,29.67531024,1.726062813885001,5.810683903433359,strategy_exit,0.0
IDENTICAL,SOLUSDT,W2,2024-03-01 08:00:00+00:00,2024-03-01 16:00:00+00:00,8.0,30.09051774,-0.25641686321999657,-0.8513004154028195,breakeven_exit,2024-03-01 08:00:00+00:00,2024-03-01 16:00:00+00:00,8.0,30.09051774,-0.25641686321999657,-0.8513004154028195,breakeven_exit,0.0
IDENTICAL,SOLUSDT,W2,2024-03-01 20:00:00+00:00,2024-03-02 08:00:00+00:00,12.0,30.1266558,-0.4945278024000004,-1.639855986376586,strategy_exit,2024-03-01 20:00:00+00:00,2024-03-02 08:00:00+00:00,12.0,30.1266558,-0.4945278024000004,-1.639855986376586,strategy_exit,0.0
IDENTICAL,SOLUSDT,W2,2024-03-06 04:00:00+00:00,2024-03-06 08:00:00+00:00,4.0,30.485365065,2.4682156867350002,8.088307066491748,strategy_exit,2024-03-06 04:00:00+00:00,2024-03-06 08:00:00+00:00,4.0,29.995640325,2.559429351675,8.524147014340505,strategy_exit,0.09121366493999972
IDENTICAL,SOLUSDT,W2,2024-03-06 12:00:00+00:00,2024-03-06 20:00:00+00:00,8.0,31.6790316,-0.36099013319999784,-1.1383855044871434,strategy_exit,2024-03-06 12:00:00+00:00,2024-03-06 20:00:00+00:00,8.0,31.41503967,-0.4886057175000005,-1.5537704393422476,strategy_exit,-0.12761558430000264
IDENTICAL,SOLUSDT,W2,2024-03-14 20:00:00+00:00,2024-03-15 00:00:00+00:00,4.0,31.68773595,2.6756734124250023,8.435441447223335,strategy_exit,2024-03-14 20:00:00+00:00,2024-03-15 00:00:00+00:00,4.0,31.20023232,2.634509206080004,8.435441447223342,strategy_exit,-0.04116420634499818
IDENTICAL,SOLUSDT,W2,2024-03-15 12:00:00+00:00,2024-03-15 16:00:00+00:00,4.0,32.486235,2.162546106675002,6.650157277240801,strategy_exit,2024-03-15 12:00:00+00:00,2024-03-15 16:00:00+00:00,4.0,31.97598,2.128579413899999,6.650157277240791,strategy_exit,-0.03396669277500308
IDENTICAL,SOLUSDT,W2,2024-03-16 00:00:00+00:00,2024-03-16 08:00:00+00:00,8.0,33.311597475,1.523057892689998,4.567587482034032,strategy_exit,2024-03-16 00:00:00+00:00,2024-03-16 08:00:00+00:00,8.0,32.75947155,1.4978138392200009,4.567587482034039,strategy_exit,-0.02524405346999714
IDENTICAL,SOLUSDT,W2,2024-03-16 20:00:00+00:00,2024-03-16 22:00:00+00:00,2.0,33.69179748,-0.21954688934999922,-0.6509820733619434,breakeven_exit,2024-03-16 20:00:00+00:00,2024-03-16 22:00:00+00:00,2.0,33.3314574,-0.03898594447500159,-0.1168475683800255,breakeven_exit,0.18056094487499763
IDENTICAL,SOLUSDT,W2,2024-03-17 08:00:00+00:00,2024-03-17 12:00:00+00:00,4.0,33.659071125,1.7610769824000059,5.226875269973068,strategy_exit,2024-03-17 08:00:00+00:00,2024-03-17 12:00:00+00:00,4.0,33.295189275,1.550396111354999,4.651865022596145,strategy_exit,-0.21068087104500677
IDENTICAL,SOLUSDT,W2,2024-03-19 04:00:00+00:00,2024-03-19 08:00:00+00:00,4.0,11.242428405,0.08384303386500136,0.745028312149709,strategy_exit,2024-03-19 04:00:00+00:00,2024-03-19 08:00:00+00:00,4.0,11.0581263,0.0824685579000004,0.7450283121497007,strategy_exit,-0.0013744759650009541
IDENTICAL,SOLUSDT,W2,2024-03-19 12:00:00+00:00,2024-03-19 16:00:00+00:00,4.0,11.20952196,0.2897226719100008,2.5820301677818334,strategy_exit,2024-03-19 12:00:00+00:00,2024-03-19 16:00:00+00:00,4.0,11.03159304,0.28512389934000026,2.5820301677818285,strategy_exit,-0.00459877257000052
IDENTICAL,SOLUSDT,W2,2024-03-19 20:00:00+00:00,2024-03-20 06:00:00+00:00,10.0,34.314978915,-2.549888710334997,-7.423409395867413,stop_loss,2024-03-19 20:00:00+00:00,2024-03-20 06:00:00+00:00,10.0,33.77029671,-2.5095935409750005,-7.4239396711551136,stop_loss,0.04029516935999666
IDENTICAL,SOLUSDT,W2,2024-04-02 04:00:00+00:00,2024-04-02 08:00:00+00:00,4.0,11.204589495,-0.058569467504998585,-0.5222052675339904,strategy_exit,2024-04-02 04:00:00+00:00,2024-04-02 08:00:00+00:00,4.0,10.837225905,-0.05664915709500029,-0.5222052675340056,strategy_exit,0.0019203104099982937
IDENTICAL,SOLUSDT,W2,2024-04-12 20:00:00+00:00,2024-04-13 00:00:00+00:00,4.0,11.199346875,0.2592290216250017,2.312367448422552,strategy_exit,2024-04-12 20:00:00+00:00,2024-04-13 00:00:00+00:00,4.0,10.900697625,0.25231624771499916,2.312367448422529,strategy_exit,-0.0069127739100025565
IDENTICAL,SOLUSDT,W2,2024-04-13 04:00:00+00:00,2024-04-13 18:00:00+00:00,14.0,11.23659549,-0.9506558891699992,-8.451903281845489,stop_loss,2024-04-13 04:00:00+00:00,2024-04-13 18:00:00+00:00,14.0,10.93290372,-0.9249624867600019,-8.451903281845514,stop_loss,0.02569340240999729
IDENTICAL,SOLUSDT,W2,2024-04-14 00:00:00+00:00,2024-04-14 12:00:00+00:00,12.0,11.0831388,-0.003677185200000821,-0.03314504811861156,breakeven_exit,2024-04-14 00:00:00+00:00,2024-04-14 12:00:00+00:00,12.0,10.944599565,-0.003631220385001299,-0.03314504811861602,breakeven_exit,4.5964814999521764e-05
IDENTICAL,SOLUSDT,W2,2024-04-14 16:00:00+00:00,2024-04-14 20:00:00+00:00,4.0,11.0447196,0.2688289512000015,2.43157273824491,strategy_exit,2024-04-14 16:00:00+00:00,2024-04-14 20:00:00+00:00,4.0,10.906660605,0.2654685893099984,2.4315727382448817,strategy_exit,-0.003360361890003105
IDENTICAL,SOLUSDT,W2,2024-04-16 16:00:00+00:00,2024-04-16 20:00:00+00:00,4.0,11.107621035,0.22827096598499885,2.05303117871393,strategy_exit,2024-04-16 16:00:00+00:00,2024-04-16 20:00:00+00:00,4.0,10.97994723,0.3560724447899979,3.23969433195478,strategy_exit,0.12780147880499904
IDENTICAL,SOLUSDT,W2,2024-06-18 04:00:00+00:00,2024-06-18 08:00:00+00:00,4.0,11.261257815,0.05739620564999903,0.5091692928550168,strategy_exit,2024-06-18 04:00:00+00:00,2024-06-18 08:00:00+00:00,4.0,11.261257815,0.05739620564999903,0.5091692928550168,strategy_exit,0.0
IDENTICAL,SOLUSDT,W2,2024-07-04 04:00:00+00:00,2024-07-04 12:00:00+00:00,8.0,11.382498405,-0.3938102801099994,-3.4563313716251964,strategy_exit,2024-07-04 04:00:00+00:00,2024-07-04 12:00:00+00:00,8.0,11.24535987,-0.3890655779399985,-3.456331371625189,strategy_exit,0.004744702170000892
IDENTICAL,SOLUSDT,W2,2024-08-05 04:00:00+00:00,2024-08-05 08:00:00+00:00,4.0,11.35737585,-0.3234205448999994,-2.8448248232671354,strategy_exit,2024-08-05 04:00:00+00:00,2024-08-05 08:00:00+00:00,4.0,11.231182785,-0.442552679744999,-3.936456005028176,strategy_exit,-0.11913213484499963
IDENTICAL,SOLUSDT,W2,2024-08-05 12:00:00+00:00,2024-08-05 16:00:00+00:00,4.0,11.254714545,1.3687065922799988,12.149035389213168,strategy_exit,2024-08-05 12:00:00+00:00,2024-08-05 16:00:00+00:00,4.0,11.022658575,1.340485837800001,12.149035389213191,strategy_exit,-0.028220754479997723
IDENTICAL,SOLUSDT,W2,2024-08-05 20:00:00+00:00,2024-08-06 04:00:00+00:00,8.0,11.46536982,0.8427338742150017,7.3429117023699195,strategy_exit,2024-08-05 20:00:00+00:00,2024-08-06 04:00:00+00:00,8.0,11.20772106,0.8237960343449995,7.342911702369899,strategy_exit,-0.018937839870002193
IDENTICAL,SOLUSDT,W2,2024-08-09 16:00:00+00:00,2024-08-09 20:00:00+00:00,4.0,35.07736992,0.4716342488399903,1.3432109842579554,strategy_exit,2024-08-09 16:00:00+00:00,2024-08-09 20:00:00+00:00,4.0,34.32139212,0.4614697176150031,1.3432109842579925,strategy_exit,-0.010164531224987172
IDENTICAL,SOLUSDT,W2,2024-11-12 12:00:00+00:00,2024-11-12 20:00:00+00:00,8.0,35.48589408,0.23747909220000452,0.6685525516556321,strategy_exit,2024-11-12 12:00:00+00:00,2024-11-12 20:00:00+00:00,8.0,34.64099184,0.23182482810000238,0.6685525516556262,strategy_exit,-0.005654264100002138
IDENTICAL,SOLUSDT,W2,2024-11-13 00:00:00+00:00,2024-11-13 08:00:00+00:00,8.0,35.57161692,-1.6098041726999952,-4.521008927820399,strategy_exit,2024-11-13 00:00:00+00:00,2024-11-13 08:00:00+00:00,8.0,34.72467366,-1.3706699192250085,-3.9433073785333366,strategy_exit,0.23913425347498674
IDENTICAL,SOLUSDT,W2,2024-12-19 20:00:00+00:00,2024-12-20 00:00:00+00:00,4.0,11.32658046,0.08032560722999804,0.7084694462862616,strategy_exit,2024-12-19 20:00:00+00:00,2024-12-20 00:00:00+00:00,4.0,11.32658046,0.08032560722999804,0.7084694462862616,strategy_exit,0.0
IDENTICAL,SOLUSDT,W2,2024-12-20 12:00:00+00:00,2024-12-20 16:00:00+00:00,4.0,11.44702065,0.8658742257750003,7.5566319220228,strategy_exit,2024-12-20 12:00:00+00:00,2024-12-20 16:00:00+00:00,4.0,11.27091264,0.8525530838399984,7.556631922022783,strategy_exit,-0.01332114193500189
REMOVED_CYCLE,SOLUSDT,W2,2024-03-05 20:00:00+00:00,2024-03-06 00:00:00+00:00,4.0,29.2284069,1.397278618575001,0.0,strategy_exit,,,,0.0,0.0,,,-1.397278618575001
