month,year,ctrl_start_eq,ctrl_end_eq,ctrl_ret_pct,ctrl_pnl_usdt,chal_start_eq,chal_end_eq,chal_ret_pct,chal_pnl_usdt,delta_ret_pct,delta_pnl_usdt,btc_delta_pnl,eth_delta_pnl,sol_delta_pnl,active_trades_count
2023-01,2023,100.0,101.47,1.47,1.47,100.0,100.94,0.94,0.94,-0.53,-0.53,0.0,0.0,-0.62,8
2023-02,2023,101.47,102.06,0.58,0.59,100.94,101.77,0.81,0.82,0.23,0.23,0.0,0.22,-0.15,3
2023-03,2023,102.06,102.67,0.59,0.6,101.76,102.86,1.07,1.09,0.48,0.49,0.28,0.11,0.15,6
2023-04,2023,102.66,103.53,0.85,0.87,102.85,103.73,0.85,0.87,0.0,0.0,0.0,0.0,0.0,3
2023-05,2023,103.53,103.52,-0.01,-0.01,103.73,103.71,-0.01,-0.01,0.0,0.0,0.0,0.0,0.0,0
2023-06,2023,103.52,103.26,-0.25,-0.26,103.71,103.45,-0.25,-0.26,-0.01,-0.01,0.0,-0.0,-0.0,3
2023-07,2023,103.26,101.5,-1.7,-1.76,103.45,101.61,-1.78,-1.84,-0.07,-0.08,0.0,0.3,-0.38,4
2023-08,2023,101.5,101.51,0.01,0.02,101.61,101.59,-0.02,-0.02,-0.03,-0.03,0.0,-0.21,0.0,3
2023-09,2023,101.51,101.52,0.01,0.01,101.59,101.6,0.01,0.01,0.0,0.0,0.0,0.0,0.0,0
2023-10,2023,101.52,101.09,-0.42,-0.43,101.6,101.29,-0.31,-0.31,0.12,0.12,0.0,0.0,0.09,4
2023-11,2023,101.09,106.35,5.2,5.25,101.29,110.26,8.86,8.97,3.66,3.72,0.0,0.0,3.65,10
2023-12,2023,106.35,108.83,2.34,2.48,110.26,112.38,1.92,2.12,-0.42,-0.37,0.0,0.0,-0.37,7
2024-01,2024,100.0,98.5,-1.5,-1.5,100.0,98.5,-1.5,-1.5,0.0,0.0,0.0,0.0,0.0,7
2024-02,2024,98.49,99.06,0.57,0.56,98.49,99.06,0.57,0.56,0.0,0.0,0.0,0.0,0.0,1
2024-03,2024,99.01,112.6,13.72,13.58,99.01,111.06,12.16,12.04,-1.56,-1.54,-0.01,-0.02,-0.13,26
2024-04,2024,112.6,112.4,-0.18,-0.2,111.06,110.74,-0.29,-0.32,-0.12,-0.13,-0.03,-0.0,0.15,13
2024-05,2024,112.4,114.94,2.26,2.54,110.73,113.18,2.21,2.45,-0.05,-0.09,-0.01,-0.05,0.0,4
2024-06,2024,114.94,115.18,0.21,0.24,113.18,113.44,0.22,0.25,0.01,0.01,0.0,0.0,0.0,3
2024-07,2024,115.18,114.73,-0.39,-0.45,113.44,112.59,-0.74,-0.84,-0.35,-0.39,-0.38,0.0,0.0,4
2024-08,2024,114.73,118.0,2.85,3.27,112.59,115.33,2.43,2.74,-0.42,-0.54,-0.22,-0.02,-0.18,11
2024-09,2024,118.0,118.03,0.03,0.03,115.33,115.36,0.03,0.04,0.0,0.0,0.0,0.0,0.0,0
2024-10,2024,118.03,118.06,0.03,0.03,115.36,115.39,0.03,0.03,0.0,0.0,0.0,0.0,0.0,0
2024-11,2024,118.06,117.71,-0.3,-0.35,115.39,115.04,-0.31,-0.36,-0.01,-0.01,-0.02,-0.0,0.23,7
2024-12,2024,117.71,118.5,0.67,0.79,115.03,115.86,0.72,0.83,0.05,0.04,0.03,-0.01,-0.01,12
2025-01,2025,100.0,96.38,-3.62,-3.62,100.0,96.38,-3.62,-3.62,0.0,0.0,0.0,0.0,0.0,17
2025-02,2025,96.38,94.57,-1.88,-1.81,96.38,94.57,-1.88,-1.81,0.0,0.0,0.0,0.0,0.0,5
2025-03,2025,94.57,93.63,-0.99,-0.93,94.57,93.63,-0.99,-0.93,0.0,0.0,0.0,0.0,0.0,13
2025-04,2025,93.63,93.98,0.37,0.35,93.63,93.82,0.2,0.18,-0.18,-0.16,0.0,-0.16,0.0,11
2025-05,2025,93.98,98.2,4.49,4.22,93.82,98.65,5.15,4.83,0.66,0.61,0.0,0.62,0.0,10
2025-06,2025,98.2,99.53,1.36,1.33,98.65,99.99,1.36,1.34,-0.0,0.01,0.0,0.0,0.0,3
2025-07,2025,99.53,101.15,1.62,1.62,99.99,101.11,1.13,1.13,-0.5,-0.49,0.0,0.0,0.0,3
2025-08,2025,101.15,98.49,-2.63,-2.66,101.11,98.46,-2.63,-2.65,0.01,0.01,0.0,-0.43,0.0,8
2025-09,2025,98.48,98.53,0.05,0.05,98.45,98.47,0.02,0.02,-0.02,-0.02,0.0,0.0,0.0,0
2025-10,2025,98.53,97.23,-1.31,-1.29,98.47,97.11,-1.38,-1.36,-0.07,-0.07,-0.11,0.45,0.0,8
2025-11,2025,97.23,96.71,-0.54,-0.52,97.11,96.91,-0.2,-0.2,0.34,0.33,0.0,0.0,0.0,0
2025-12,2025,96.7,96.09,-0.63,-0.61,96.9,96.4,-0.52,-0.5,0.12,0.11,0.0,0.11,0.13,5
