fold,symbol,global_auc_ctrl,global_auc_chal,delta_auc_bps,global_prauc_ctrl,global_prauc_chal,delta_prauc_bps,signals_ctrl_ge_048,signals_chal_ge_048,delta_signals,precision_ctrl_pct,precision_chal_pct,delta_precision_pct,mean_fwd_net_ret_ctrl_pct,mean_fwd_net_ret_chal_pct,delta_fwd_net_ret_pct,median_fwd_net_ret_ctrl_pct,median_fwd_net_ret_chal_pct
W1,BTCUSDT,0.5807,0.5729,-78.51,0.3454,0.3449,-4.55,5,8,3,100.0,62.5,-37.5,1.2253,0.3092,-0.9162,1.4979,0.5051
W1,ETHUSDT,0.564,0.564,-0.48,0.3276,0.3279,2.34,8,12,4,25.0,33.33,8.33,0.0093,0.0674,0.058,-0.2873,-0.2873
W1,SOLUSDT,0.5396,0.5358,-37.34,0.469,0.4611,-78.83,56,56,0,62.5,62.5,0.0,0.1886,0.2478,0.0592,0.6937,0.8671
W2,BTCUSDT,0.5836,0.5858,22.34,0.4285,0.4283,-1.83,37,38,1,54.05,50.0,-4.05,0.099,0.0156,-0.0834,0.0881,-0.0013
W2,ETHUSDT,0.5855,0.5845,-9.26,0.4609,0.4604,-4.87,35,36,1,65.71,63.89,-1.83,0.8745,0.7635,-0.111,0.6741,0.6401
W2,SOLUSDT,0.5401,0.5397,-3.83,0.4821,0.4822,0.64,56,55,-1,60.71,60.0,-0.71,1.1047,1.0377,-0.067,0.7703,0.7472
R2025,BTCUSDT,0.5812,0.5758,-54.35,0.3815,0.3742,-73.25,33,33,0,45.45,42.42,-3.03,-0.154,-0.1688,-0.0149,-0.3908,-0.3908
R2025,ETHUSDT,0.54,0.5413,12.53,0.4181,0.4182,0.98,129,128,-1,44.19,44.53,0.35,-0.3913,-0.3844,0.0069,-0.4801,-0.422
R2025,SOLUSDT,0.5242,0.5228,-13.66,0.4153,0.4145,-8.43,101,100,-1,40.59,41.0,0.41,-0.4925,-0.4989,-0.0064,-0.4187,-0.4164
