candidate_id,symbol,pnl_2023_usdt,pnl_2024_usdt,pnl_2025_usdt,total_realized_pnl_usdt
Control_OPT-0005,BTCUSDT,1.4755,-0.4335,0.274,1.316
Control_OPT-0005,ETHUSDT,0.3018,6.0663,-2.073,4.2951
Control_OPT-0005,SOLUSDT,6.9932,12.8472,-2.0862,17.7542
Filter_A_NoUptrend,BTCUSDT,1.3858,-0.3482,0.4171,1.4547
Filter_A_NoUptrend,ETHUSDT,0.2397,4.9461,-1.6068,3.579
Filter_A_NoUptrend,SOLUSDT,7.105,11.6747,-6.4133,12.3663
Filter_B_DownsizeVolExp,BTCUSDT,0.9888,1.7919,-0.3318,2.4489
Filter_B_DownsizeVolExp,ETHUSDT,0.0754,3.6881,-5.368,-1.6045
Filter_B_DownsizeVolExp,SOLUSDT,2.4144,10.4671,-3.2667,9.6148
Filter_C_NoVolExp,BTCUSDT,0.0,0.4375,1.8632,2.3007
Filter_C_NoVolExp,ETHUSDT,0.0,-0.7888,3.1727,2.3839
Filter_C_NoVolExp,SOLUSDT,0.8793,1.6535,-0.0825,2.4503
