candidate_id,model_name,model_family,margin,sizing_name,g_week,fitness,ret_w1,ret_w2,ret_2025,worst_mdd,mdd_w1,mdd_w2,mdd_2025,cyc_w1,cyc_w2,cyc_2025,min_cycles,floor_triggers
REG-017_LGB_Reg_conservative_margin10bps,LGB_Reg_conservative,lightgbm_regressor,0.001,R6_default,2.95785622174098e-05,-9.997042143778259,0.0,0.0032325266282,0.00140405653005,0.013428052100296692,0.0,0.005951075284945279,0.013428052100296692,0,1,4,0,0
REG-010_ElasticNet_a0.001_margin0bps,ElasticNet_a0.001,elastic_net,0.0,R6_default,4.125340990906599e-06,-9.999587465900909,0.0006460195586,0.0,0.0,0.011417500331328446,0.011417500331328446,0.0,0.0,2,0,0,0,0
REG-011_ElasticNet_a0.001_margin10bps,ElasticNet_a0.001,elastic_net,0.001,R6_default,0.0,-10.0,0.0,0.0,0.0,0.0,0.0,0.0,0.0,0,0,0,0,0
REG-012_ElasticNet_a0.001_margin20bps,ElasticNet_a0.001,elastic_net,0.002,R6_default,0.0,-10.0,0.0,0.0,0.0,0.0,0.0,0.0,0.0,0,0,0,0,0
REG-018_LGB_Reg_conservative_margin20bps,LGB_Reg_conservative,lightgbm_regressor,0.002,R6_default,-1.1850303436833057e-05,-10.093856433196184,0.0,0.0,-0.00185342805705,0.012478077279357834,0.0,0.0,0.012478077279357834,0,0,3,0,0
REG-015_LGB_Reg_shallow_margin20bps,LGB_Reg_shallow,lightgbm_regressor,0.002,R6_default,-5.16619750332751e-05,-10.510110366150828,-0.0005866461897,0.0026527856928,-0.01009888337295,0.023261602928858892,0.005270293128830413,0.0008073351281731322,0.023261602928858892,1,1,5,1,0
REG-014_LGB_Reg_shallow_margin10bps,LGB_Reg_shallow,lightgbm_regressor,0.001,R6_default,-0.00018702265294267496,-11.870753856001517,0.00583145105635,0.0026527856928,-0.037041031814145,0.0458843817238466,0.006120536116554848,0.0008073351281731322,0.0458843817238466,5,1,8,1,0
REG-003_Ridge_a1.0_margin20bps,Ridge_a1.0,ridge,0.002,R6_default,-0.00022256721565906654,-11.949815411443407,0.0044776876167,0.0,-0.03855117379755,0.04503078843799379,0.019811213111342957,0.0,0.04503078843799379,9,0,5,0,0
REG-006_Ridge_a10.0_margin20bps,Ridge_a10.0,ridge,0.002,R6_default,-0.00022256721565906654,-11.949815411443407,0.0044776876167,0.0,-0.03855117379755,0.04503078843799379,0.019811213111342957,0.0,0.04503078843799379,9,0,5,0,0
REG-009_Ridge_a100.0_margin20bps,Ridge_a100.0,ridge,0.002,R6_default,-0.00029552876490435717,-12.204436664777935,-0.00179748449035,0.0,-0.04349767576575,0.04468679692524817,0.01533899132343206,0.0,0.04468679692524817,5,0,4,0,0
REG-008_Ridge_a100.0_margin10bps,Ridge_a100.0,ridge,0.001,R6_default,-0.00045366500991756385,-12.682537731329255,-0.0214401647174,0.0,-0.04816439954285,0.0545790250639,0.03011831424222506,0.0,0.0545790250639,12,0,6,0,0
REG-016_LGB_Reg_conservative_margin0bps,LGB_Reg_conservative,lightgbm_regressor,0.0,R6_default,-0.00030509371942361404,-12.872544060522463,-0.0005866461897,-0.0035703113865,-0.042668415488745,0.06417227828285704,0.005270293128830413,0.020352954,0.06417227828285704,1,3,10,1,0
REG-005_Ridge_a10.0_margin10bps,Ridge_a10.0,ridge,0.001,R6_default,-0.0004713447351760878,-14.330558824593108,0.001264128261,-0.00713675989158,-0.06565195671893,0.07001653030258,0.01971563223915295,0.00812123215158,0.07001653030258,20,2,8,2,0
REG-002_Ridge_a1.0_margin10bps,Ridge_a1.0,ridge,0.001,R6_default,-0.0005080202491172257,-14.334226375987221,-0.004470922868,-0.00713675989158,-0.06565195671893,0.07001653030258,0.021400139246242036,0.00812123215158,0.07001653030258,20,2,8,2,0
REG-013_LGB_Reg_shallow_margin0bps,LGB_Reg_shallow,lightgbm_regressor,0.0,R6_default,-0.000587157842033458,-16.1755437566313,-0.00984568938125,0.0017367613341,-0.08037190404821,0.09196465540034902,0.04877947569830751,0.0045469196670128815,0.09196465540034902,25,1,13,1,0
REG-007_Ridge_a100.0_margin0bps,Ridge_a100.0,ridge,0.0,R6_default,-0.0007939769369427881,-19.24877945032837,0.00725229656795,-0.016557579020736,-0.108521988145809,0.12486564698687287,0.025659553595391144,0.022415190169092467,0.12486564698687287,22,7,24,7,0
REG-004_Ridge_a10.0_margin0bps,Ridge_a10.0,ridge,0.0,R6_default,-0.0007553099631902831,-19.830625874935365,0.0199075270223,-0.0163998306067425,-0.114376020234585,0.13072587733774177,0.029739911221465774,0.023290448199034135,0.13072587733774177,36,8,28,8,0
REG-001_Ridge_a1.0_margin0bps,Ridge_a1.0,ridge,0.0,R6_default,-0.0007686555849406025,-19.90519117741665,0.0186814857679,-0.0163998306067425,-0.115162092115825,0.13140442026262683,0.030967344160699274,0.023290448199034135,0.13140442026262683,36,8,30,8,0
