benchmark_id,fold,feature_family,candidate_id,roc_auc,delta_roc_auc,pr_auc,delta_pr_auc,log_loss,delta_log_loss,brier_score,delta_brier,ece,delta_ece,prob_mean,delta_prob_mean,prob_std,delta_prob_std,prob_p50,delta_prob_p50,ppr,delta_ppr
OPT-0005,W1,BASE_12,OPT-0005_BASE_12,0.5923,0.0,0.4106,0.0,0.6207,0.0,0.215,0.0,0.0191,0.0,0.3436,0.0,0.0626,0.0,0.334,0.0,0.0115,0.0
OPT-0005,W1,OI_ONLY,OPT-0005_OI_ONLY,0.5907,-0.0016,0.412,0.0014,0.6211,0.0004,0.2151,0.0001,0.0207,0.0016,0.3415,-0.0021,0.0673,0.0047,0.3367,0.0027,0.0133,0.0018
OPT-0005,W1,FLOW_ONLY,OPT-0005_FLOW_ONLY,0.5841,-0.0082,0.3978,-0.0128,0.6228,0.0021,0.216,0.001,0.0198,0.0007,0.3456,0.002,0.0632,0.0006,0.3387,0.0047,0.0158,0.0043
OPT-0005,W1,OI_FLOW,OPT-0005_OI_FLOW,0.5835,-0.0088,0.3996,-0.011,0.623,0.0023,0.216,0.001,0.0198,0.0007,0.3435,-0.0001,0.0677,0.0051,0.3401,0.0061,0.0165,0.005
OPT-0005,W2,BASE_12,OPT-0005_BASE_12,0.5814,0.0,0.4586,0.0,0.6612,0.0,0.2343,0.0,0.0404,0.0,0.3473,0.0,0.0669,0.0,0.3386,0.0,0.0194,0.0
OPT-0005,W2,OI_ONLY,OPT-0005_OI_ONLY,0.5751,-0.0063,0.4541,-0.0045,0.6625,0.0013,0.2348,0.0005,0.0402,-0.0002,0.3474,0.0001,0.069,0.0021,0.3415,0.0029,0.0223,0.0029
OPT-0005,W2,FLOW_ONLY,OPT-0005_FLOW_ONLY,0.5801,-0.0013,0.4583,-0.0003,0.6612,0.0,0.2343,0.0,0.0405,0.0001,0.3474,0.0001,0.0677,0.0008,0.3409,0.0023,0.0191,-0.0003
OPT-0005,W2,OI_FLOW,OPT-0005_OI_FLOW,0.5749,-0.0065,0.454,-0.0046,0.6625,0.0013,0.2348,0.0005,0.0399,-0.0005,0.3477,0.0004,0.0703,0.0034,0.3457,0.0071,0.024,0.0046
OPT-0005,R2025,BASE_12,OPT-0005_BASE_12,0.5647,0.0,0.4112,0.0,0.6535,0.0,0.2306,0.0,0.0229,0.0,0.3569,0.0,0.0732,0.0,0.3541,0.0,0.04,0.0
OPT-0005,R2025,OI_ONLY,OPT-0005_OI_ONLY,0.5637,-0.001,0.4112,0.0,0.6538,0.0003,0.2307,0.0001,0.0226,-0.0003,0.3564,-0.0005,0.0747,0.0015,0.3541,0.0,0.041,0.001
OPT-0005,R2025,FLOW_ONLY,OPT-0005_FLOW_ONLY,0.5624,-0.0023,0.4088,-0.0024,0.6538,0.0003,0.2308,0.0002,0.0296,0.0067,0.3552,-0.0017,0.0753,0.0021,0.3546,0.0005,0.0405,0.0005
OPT-0005,R2025,OI_FLOW,OPT-0005_OI_FLOW,0.5618,-0.0029,0.4092,-0.002,0.654,0.0005,0.2308,0.0002,0.027,0.0041,0.355,-0.0019,0.0765,0.0033,0.3549,0.0008,0.0417,0.0017
OPT-0001,W1,BASE_12,OPT-0001_BASE_12,0.5923,0.0,0.4106,0.0,0.6207,0.0,0.215,0.0,0.0191,0.0,0.3436,0.0,0.0626,0.0,0.334,0.0,0.0115,0.0
OPT-0001,W1,OI_ONLY,OPT-0001_OI_ONLY,0.5907,-0.0016,0.412,0.0014,0.6211,0.0004,0.2151,0.0001,0.0207,0.0016,0.3415,-0.0021,0.0673,0.0047,0.3367,0.0027,0.0133,0.0018
OPT-0001,W1,FLOW_ONLY,OPT-0001_FLOW_ONLY,0.5841,-0.0082,0.3978,-0.0128,0.6228,0.0021,0.216,0.001,0.0198,0.0007,0.3456,0.002,0.0632,0.0006,0.3387,0.0047,0.0158,0.0043
OPT-0001,W1,OI_FLOW,OPT-0001_OI_FLOW,0.5835,-0.0088,0.3996,-0.011,0.623,0.0023,0.216,0.001,0.0198,0.0007,0.3435,-0.0001,0.0677,0.0051,0.3401,0.0061,0.0165,0.005
OPT-0001,W2,BASE_12,OPT-0001_BASE_12,0.5814,0.0,0.4586,0.0,0.6612,0.0,0.2343,0.0,0.0404,0.0,0.3473,0.0,0.0669,0.0,0.3386,0.0,0.0194,0.0
OPT-0001,W2,OI_ONLY,OPT-0001_OI_ONLY,0.5751,-0.0063,0.4541,-0.0045,0.6625,0.0013,0.2348,0.0005,0.0402,-0.0002,0.3474,0.0001,0.069,0.0021,0.3415,0.0029,0.0223,0.0029
OPT-0001,W2,FLOW_ONLY,OPT-0001_FLOW_ONLY,0.5801,-0.0013,0.4583,-0.0003,0.6612,0.0,0.2343,0.0,0.0405,0.0001,0.3474,0.0001,0.0677,0.0008,0.3409,0.0023,0.0191,-0.0003
OPT-0001,W2,OI_FLOW,OPT-0001_OI_FLOW,0.5749,-0.0065,0.454,-0.0046,0.6625,0.0013,0.2348,0.0005,0.0399,-0.0005,0.3477,0.0004,0.0703,0.0034,0.3457,0.0071,0.024,0.0046
OPT-0001,R2025,BASE_12,OPT-0001_BASE_12,0.5647,0.0,0.4112,0.0,0.6535,0.0,0.2306,0.0,0.0229,0.0,0.3569,0.0,0.0732,0.0,0.3541,0.0,0.04,0.0
OPT-0001,R2025,OI_ONLY,OPT-0001_OI_ONLY,0.5637,-0.001,0.4112,0.0,0.6538,0.0003,0.2307,0.0001,0.0226,-0.0003,0.3564,-0.0005,0.0747,0.0015,0.3541,0.0,0.041,0.001
OPT-0001,R2025,FLOW_ONLY,OPT-0001_FLOW_ONLY,0.5624,-0.0023,0.4088,-0.0024,0.6538,0.0003,0.2308,0.0002,0.0296,0.0067,0.3552,-0.0017,0.0753,0.0021,0.3546,0.0005,0.0405,0.0005
OPT-0001,R2025,OI_FLOW,OPT-0001_OI_FLOW,0.5618,-0.0029,0.4092,-0.002,0.654,0.0005,0.2308,0.0002,0.027,0.0041,0.355,-0.0019,0.0765,0.0033,0.3549,0.0008,0.0417,0.0017
OPT-0026,W1,BASE_12,OPT-0026_BASE_12,0.5915,0.0,0.4091,0.0,0.6208,0.0,0.215,0.0,0.019,0.0,0.3435,0.0,0.0637,0.0,0.3338,0.0,0.0145,0.0
OPT-0026,W1,OI_ONLY,OPT-0026_OI_ONLY,0.5898,-0.0017,0.4104,0.0013,0.6213,0.0005,0.2152,0.0002,0.0209,0.0019,0.3414,-0.0021,0.0686,0.0049,0.3364,0.0026,0.0165,0.002
OPT-0026,W1,FLOW_ONLY,OPT-0026_FLOW_ONLY,0.5834,-0.0081,0.3971,-0.012,0.623,0.0022,0.216,0.001,0.02,0.001,0.3455,0.002,0.0644,0.0007,0.3382,0.0044,0.019,0.0045
OPT-0026,W1,OI_FLOW,OPT-0026_OI_FLOW,0.5826,-0.0089,0.3984,-0.0107,0.6233,0.0025,0.2161,0.0011,0.02,0.001,0.3433,-0.0002,0.069,0.0053,0.3398,0.006,0.0196,0.0051
OPT-0026,W2,BASE_12,OPT-0026_BASE_12,0.5814,0.0,0.4583,0.0,0.6612,0.0,0.2343,0.0,0.0404,0.0,0.3473,0.0,0.0672,0.0,0.3392,0.0,0.0197,0.0
OPT-0026,W2,OI_ONLY,OPT-0026_OI_ONLY,0.5751,-0.0063,0.4539,-0.0044,0.6625,0.0013,0.2348,0.0005,0.04,-0.0004,0.3475,0.0002,0.0694,0.0022,0.342,0.0028,0.0237,0.004
OPT-0026,W2,FLOW_ONLY,OPT-0026_FLOW_ONLY,0.58,-0.0014,0.4581,-0.0002,0.6612,0.0,0.2343,0.0,0.0404,0.0,0.3474,0.0001,0.0681,0.0009,0.3413,0.0021,0.0197,0.0
OPT-0026,W2,OI_FLOW,OPT-0026_OI_FLOW,0.5747,-0.0067,0.4538,-0.0045,0.6626,0.0014,0.2348,0.0005,0.0397,-0.0007,0.3478,0.0005,0.0707,0.0035,0.3462,0.007,0.0247,0.005
OPT-0026,R2025,BASE_12,OPT-0026_BASE_12,0.5646,0.0,0.4111,0.0,0.6536,0.0,0.2306,0.0,0.0222,0.0,0.3568,0.0,0.0735,0.0,0.3541,0.0,0.041,0.0
OPT-0026,R2025,OI_ONLY,OPT-0026_OI_ONLY,0.5637,-0.0009,0.4113,0.0002,0.6538,0.0002,0.2307,0.0001,0.0234,0.0012,0.3564,-0.0004,0.0751,0.0016,0.3543,0.0002,0.042,0.001
OPT-0026,R2025,FLOW_ONLY,OPT-0026_FLOW_ONLY,0.5624,-0.0022,0.4088,-0.0023,0.6539,0.0003,0.2308,0.0002,0.0304,0.0082,0.355,-0.0018,0.0756,0.0021,0.3542,0.0001,0.0414,0.0004
OPT-0026,R2025,OI_FLOW,OPT-0026_OI_FLOW,0.5619,-0.0027,0.4093,-0.0018,0.6541,0.0005,0.2309,0.0003,0.0281,0.0059,0.3548,-0.002,0.0769,0.0034,0.3548,0.0007,0.0425,0.0015
OPT-0056,W1,BASE_12,OPT-0056_BASE_12,0.5903,0.0,0.4072,0.0,0.6211,0.0,0.2151,0.0,0.0198,0.0,0.3437,0.0,0.0651,0.0,0.3336,0.0,0.01,0.0
OPT-0056,W1,OI_ONLY,OPT-0056_OI_ONLY,0.5884,-0.0019,0.4077,0.0005,0.6216,0.0005,0.2153,0.0002,0.021,0.0012,0.3415,-0.0022,0.0701,0.005,0.3362,0.0026,0.011,0.001
OPT-0056,W1,FLOW_ONLY,OPT-0056_FLOW_ONLY,0.5824,-0.0079,0.3966,-0.0106,0.6232,0.0021,0.2161,0.001,0.0203,0.0005,0.3457,0.002,0.0659,0.0008,0.338,0.0044,0.0123,0.0023
OPT-0056,W1,OI_FLOW,OPT-0056_OI_FLOW,0.5814,-0.0089,0.3963,-0.0109,0.6236,0.0025,0.2163,0.0012,0.0202,0.0004,0.3435,-0.0002,0.0706,0.0055,0.3395,0.0059,0.0131,0.0031
OPT-0056,W2,BASE_12,OPT-0056_BASE_12,0.5815,0.0,0.4579,0.0,0.6612,0.0,0.2343,0.0,0.0404,0.0,0.3473,0.0,0.0675,0.0,0.3393,0.0,0.0138,0.0
OPT-0056,W2,OI_ONLY,OPT-0056_OI_ONLY,0.5751,-0.0064,0.4538,-0.0041,0.6625,0.0013,0.2348,0.0005,0.0399,-0.0005,0.3476,0.0003,0.0698,0.0023,0.3424,0.0031,0.0173,0.0035
OPT-0056,W2,FLOW_ONLY,OPT-0056_FLOW_ONLY,0.5799,-0.0016,0.4577,-0.0002,0.6613,0.0001,0.2343,0.0,0.0407,0.0003,0.3474,0.0001,0.0685,0.001,0.3416,0.0023,0.014,0.0002
OPT-0056,W2,OI_FLOW,OPT-0056_OI_FLOW,0.5746,-0.0069,0.4536,-0.0043,0.6626,0.0014,0.2349,0.0006,0.0397,-0.0007,0.3478,0.0005,0.0712,0.0037,0.3466,0.0073,0.0172,0.0034
OPT-0056,R2025,BASE_12,OPT-0056_BASE_12,0.5645,0.0,0.411,0.0,0.6536,0.0,0.2307,0.0,0.0225,0.0,0.3568,0.0,0.0738,0.0,0.3539,0.0,0.0291,0.0
OPT-0056,R2025,OI_ONLY,OPT-0056_OI_ONLY,0.5638,-0.0007,0.4114,0.0004,0.6539,0.0003,0.2307,0.0,0.0226,0.0001,0.3564,-0.0004,0.0754,0.0016,0.3544,0.0005,0.0295,0.0004
OPT-0056,R2025,FLOW_ONLY,OPT-0056_FLOW_ONLY,0.5625,-0.002,0.409,-0.002,0.6539,0.0003,0.2308,0.0001,0.0283,0.0058,0.3549,-0.0019,0.0759,0.0021,0.3541,0.0002,0.0292,0.0001
OPT-0056,R2025,OI_FLOW,OPT-0056_OI_FLOW,0.5619,-0.0026,0.4096,-0.0014,0.6541,0.0005,0.2309,0.0002,0.0291,0.0066,0.3547,-0.0021,0.0773,0.0035,0.3548,0.0009,0.0302,0.0011
