candidate_id,benchmark_id,feature_family,num_features,g_week,g_week_pct,annualized_return_pct,ret_2023_pct,ret_2024_pct,ret_2025_pct,worst_mdd_pct,mdd_2023_pct,mdd_2024_pct,mdd_2025_pct,closed_cycles,win_rate_pct,turnover_usdt,fees_usdt,avg_holding_hours,avg_exposure_pct,worst_year,fitness,floor_triggers
OPT-0001_BASE_12,OPT-0001,BASE_12,12,0.001311,0.1311,7.048,7.6533,18.2716,-3.5862,11.4931,3.8387,3.6877,11.4931,208,53.85,9743.34,9.74,5.56,1.61,2025,-4.9086,0
OPT-0001_FLOW_ONLY,OPT-0001,FLOW_ONLY,16,0.001174,0.1174,6.2921,6.3094,16.7988,-3.223,11.5073,4.8194,3.5198,11.5073,221,54.75,10548.67,10.55,6.43,1.79,2025,-4.7478,0
OPT-0001_OI_FLOW,OPT-0001,OI_FLOW,19,0.000909,0.0909,4.84,10.5586,8.1972,-3.6195,12.5944,4.8836,5.8145,12.5944,230,50.0,10823.97,10.82,6.72,2.15,2025,-5.516,0
OPT-0001_OI_ONLY,OPT-0001,OI_ONLY,15,0.001202,0.1202,6.445,13.7845,12.9411,-6.0869,14.1989,3.4016,3.9496,14.1989,221,55.2,10220.22,10.22,5.87,2.14,2025,-7.5227,0
OPT-0005_BASE_12,OPT-0005,BASE_12,12,0.001371,0.1371,7.383,8.8322,18.5001,-3.9148,11.605,3.8261,3.9308,11.605,208,54.33,10034.25,10.03,5.56,1.65,2025,-5.1228,0
OPT-0005_FLOW_ONLY,OPT-0005,FLOW_ONLY,16,0.00116,0.116,6.2117,6.9691,16.9442,-4.1581,11.6144,5.2086,3.764,11.6144,219,54.79,10835.25,10.84,5.33,1.73,2025,-5.2703,0
OPT-0005_OI_FLOW,OPT-0005,OI_FLOW,19,0.000874,0.0874,4.6486,11.0873,8.0802,-4.5012,12.8169,5.1777,5.9269,12.8169,228,48.68,11160.89,11.16,6.93,2.21,2025,-6.0717,0
OPT-0005_OI_ONLY,OPT-0005,OI_ONLY,15,0.001223,0.1223,6.5607,14.8053,12.8107,-6.5091,14.2644,3.4016,4.0792,14.2644,221,53.39,10532.27,10.53,5.85,2.16,2025,-7.7645,0
OPT-0026_BASE_12,OPT-0026,BASE_12,12,0.001293,0.1293,6.9498,7.1589,17.4088,-2.6988,11.5073,4.6677,4.1791,11.5073,225,53.78,10685.36,10.69,5.52,1.69,2025,-4.4738,0
OPT-0026_FLOW_ONLY,OPT-0026,FLOW_ONLY,16,0.00122,0.122,6.5438,8.5928,16.7998,-4.5817,11.4905,5.5597,3.5231,11.4905,232,53.45,11304.19,11.3,5.23,1.75,2025,-5.4141,0
OPT-0026_OI_FLOW,OPT-0026,OI_FLOW,19,0.001004,0.1004,5.3541,12.5471,8.5159,-4.2001,12.5944,6.0926,5.2604,12.5944,248,49.6,11613.68,11.61,6.25,2.17,2025,-5.7969,0
OPT-0026_OI_ONLY,OPT-0026,OI_ONLY,15,0.000811,0.0811,4.3057,11.0106,10.5354,-7.4766,14.9059,4.8636,3.9496,14.9059,232,51.72,10892.33,10.89,6.01,2.29,2025,-8.6102,0
OPT-0056_BASE_12,OPT-0056,BASE_12,12,0.001024,0.1024,5.4677,6.2087,13.2806,-2.4368,11.2139,3.6334,2.9758,11.2139,153,57.52,7198.96,7.2,6.92,1.47,2025,-4.2229,0
OPT-0056_FLOW_ONLY,OPT-0056,FLOW_ONLY,16,0.000706,0.0706,3.7385,4.9147,10.8921,-4.0044,11.3542,3.992,3.0196,11.3542,155,53.55,7622.12,7.62,6.89,1.52,2025,-5.1087,0
OPT-0056_OI_FLOW,OPT-0056,OI_FLOW,19,0.000815,0.0815,4.3263,9.7171,9.2256,-5.2069,11.6899,3.8072,4.7252,11.6899,175,53.71,8325.2,8.33,6.19,1.84,2025,-5.8669,0
OPT-0056_OI_ONLY,OPT-0056,OI_ONLY,15,0.000847,0.0847,4.5033,10.8554,7.4749,-4.1642,12.7242,3.4023,5.0667,12.7242,167,52.1,8087.9,8.09,6.13,1.51,2025,-5.8595,0
